,id,conversation_id,created_at,date,time,timezone,user_id,username,name,place,tweet,language,mentions,urls,photos,replies_count,retweets_count,likes_count,hashtags,cashtags,link,retweet,quote_url,video,thumbnail,near,geo,source,user_rt_id,user_rt,retweet_id,reply_to,retweet_date,translate,trans_src,trans_dest,sentimental_value
0,1.5186E+18,1.5186E+18,2022-04-25 10:39:50 Eastern Daylight Time,4/25/2022,10:39:50,-400,430421961,susanlitv,Susan Li,0,"#Twitter could accept #ElonMusk $46.5 bln takeover offer according reportsüìä  $54.20 a share enough in these bear market conditions? Not the end tho because $twtr can accept &amp; look for 2nd higher bidder with ""Go Shop"" provision Is it worth trading #Tesla 4 #Socialmedia  My takeüí≠  https://t.co/Spv4Vwtzqd",en,[],[],[],8,8,58,"['twitter', 'elonmusk', 'tesla', 'socialmedia']",['twtr'],https://twitter.com/SusanLiTV/status/1518600677848719363,FALSE,0,1,https://pbs.twimg.com/amplify_video_thumb/1518598082644127746/img/XK3xOqj65U3Ia0tU.jpg,0,0,0,0,0,0,[],0,0,0,0,1
1,1.51849E+18,1.51849E+18,2022-04-25 03:33:35 Eastern Daylight Time,4/25/2022,3:33:35,-400,8.28236E+17,ngolotesla,N'Golo ‚ñÇ‚ñÉ‚ñÖ 73%‚Ä¶ üôè,0,warm cozy shower or bath right before bedtime really increases your sleep quality. yes it is obvious. yes it still bears repeating.,en,[],[],[],4,3,113,[],[],https://twitter.com/NgoloTesla/status/1518493407525621760,FALSE,0,0,0,0,0,0,0,0,0,[],0,0,0,0,1
2,1.51843E+18,1.51842E+18,2022-04-24 23:02:57 Eastern Daylight Time,4/24/2022,23:02:57,-400,549808743,dooomenicooo,Tesla bear temporarily,0,@42soho @AIxAnalyst @TheNBACentral @AhnFireDigital Career high ppg in Cancun,en,[],[],[],2,0,69,[],[],https://twitter.com/Dooomenicooo/status/1518425302371864576,FALSE,0,0,0,0,0,0,0,0,0,"[{'screen_name': '42soho', 'name': 'MJ ü¶ãü•Ä', 'id': '4455626236'}, {'screen_name': 'AIxAnalyst', 'name': 'AI üß¨', 'id': '1405414506147160064'}, {'screen_name': 'TheNBACentral', 'name': 'NBACentral', 'id': '1548977419'}, {'screen_name': 'AhnFireDigital', 'name': 'Ahn Fire Digital', 'id': '1178815528590176257'}]",0,0,0,0,1
3,1.51791E+18,1.51778E+18,2022-04-23 13:01:10 Eastern Daylight Time,4/23/2022,13:01:10,-400,1.12684E+18,bluebearcafe1,Former Tesla Bear,0,Those who thinks stock spilts won‚Äôt affect fundamentals did not buy $TSLA before the last spilt üòÜü§£,en,[],[],[],3,1,71,[],['tsla'],https://twitter.com/bluebearcafe1/status/1517911470004051968,FALSE,0,0,0,0,0,0,0,0,0,[],0,0,0,0,1
4,1.51778E+18,1.51778E+18,2022-04-23 04:05:07 Eastern Daylight Time,4/23/2022,4:05:07,-400,1.12684E+18,bluebearcafe1,Former Tesla Bear,0,"As @BillGates still has a short position on $TSLA, why not have a 100:1 stock spilt asap @elonmusk ?  Would be fun‚Ä¶.üòÜ",en,"[{'screen_name': 'billgates', 'name': 'bill gates', 'id': '50393960'}, {'screen_name': 'elonmusk', 'name': 'elon musk', 'id': '44196397'}]",[],[],85,117,1738,[],['tsla'],https://twitter.com/bluebearcafe1/status/1517776569497886720,FALSE,0,0,0,0,0,0,0,0,0,[],0,0,0,0,0
5,1.51764E+18,1.51764E+18,2022-04-22 19:09:47 Eastern Daylight Time,4/22/2022,19:09:47,-400,378061300,turmshrub,tomb,0,who's your favorite scientist mines Tesla ok so how do you *think* you spell bearanstain bears hey have you heard of the birds aren't real conspiracy,en,[],[],[],2,1,50,[],[],https://twitter.com/TurmShrub/status/1517641848138997761,FALSE,0,0,0,0,0,0,0,0,0,[],0,0,0,0,1
6,1.51754E+18,1.51751E+18,2022-04-22 12:06:21 Eastern Daylight Time,4/22/2022,12:06:21,-400,8.56206E+17,labeardod,labeardod.net,0,@Phylan Tesla Autopilot thought the plane was a cyclist.,en,[],[],[],1,2,81,[],[],https://twitter.com/LaBearDod/status/1517535289006501888,FALSE,0,0,0,0,0,0,0,0,0,"[{'screen_name': 'Phylan', 'name': 'waffle party planner', 'id': '28171432'}]",0,0,0,0,0
7,1.5172E+18,1.51712E+18,2022-04-21 13:34:54 Eastern Daylight Time,4/21/2022,13:34:54,-400,1.12046E+18,equilibrium_420,equilibrium,0,@Rotes0 @carlquintanilla You don‚Äôt have to trust their accounting when it comes to the debt. Ask the lenders or bond holders. They all got paid back. Tesla has no debt. This is the same Tesla the bears said couldn‚Äôt survive without persistently dipping into capital markets for cash.,en,[],[],[],1,4,85,[],[],https://twitter.com/Equilibrium_420/status/1517195185146540033,FALSE,0,0,0,0,0,0,0,0,0,"[{'screen_name': 'Rotes0', 'name': 'stockguy', 'id': '1453877823945445379'}, {'screen_name': 'carlquintanilla', 'name': 'Carl Quintanilla', 'id': '114782468'}]",0,0,0,0,1
8,1.51712E+18,1.51712E+18,2022-04-21 08:38:09 Eastern Daylight Time,4/21/2022,8:38:09,-400,8.97852E+17,maxime__prigent,Maxime Loves Cryptos,0,"Bonjour ! Les earnings de tesla, netflix, bancaires sont pass√©s. Ces catalyseurs √©tant √©puis√©s et contenus par les bulls, depuis cette nuit les march√©s avancent en mode to the moon, sans pour le moment trouver une vraie intervention des bears. Mais o√π sont-ils ?",fr,[],[],[],17,18,122,[],[],https://twitter.com/maxime__prigent/status/1517120503919562753,FALSE,0,0,0,0,0,0,0,0,0,[],0,0,0,0,1
9,1.51689E+18,1.51689E+18,2022-04-20 17:15:05 Eastern Daylight Time,4/20/2022,17:15:05,-400,1.28982E+18,stocktalkweekly,Stock Talk Weekly üéô,0,"Every quarter the bears say $TSLA is headed back to $500, and every quarter they're wrong. Growth stocks continue to crumble around us, but Tesla continues to defy expectations.   What company of this size has this magnitude of growth &amp; tailwinds over the next 10 years? @elonmusk",en,"[{'screen_name': 'elonmusk', 'name': 'elon musk', 'id': '44196397'}]",[],[],22,16,267,[],['tsla'],https://twitter.com/stocktalkweekly/status/1516888208310779904,FALSE,0,0,0,0,0,0,0,0,0,[],0,0,0,0,2
10,1.51688E+18,1.51688E+18,2022-04-20 16:46:59 Eastern Daylight Time,4/20/2022,16:46:59,-400,7.18747E+17,alex_avoigt,Alex,0,"And finally this:  ""Tesla acts as the insurance carrier, which means that we are the underwriter and bear financial risk""  Not long ago WallStreet Analysts said Tesla is a financial risk ü§£   - now they take the risk from other",en,[],[],[],2,6,121,[],[],https://twitter.com/alex_avoigt/status/1516881135418101760,FALSE,0,0,0,0,0,0,0,0,0,[],0,0,0,0,1
11,1.51687E+18,1.51687E+18,2022-04-20 16:16:55 Eastern Daylight Time,4/20/2022,16:16:55,-400,376147895,teslasg,T ‚ö°Ô∏èüîãüöÄüåïüá∫üá¶,0,BREAKING: Tesla $3.22 beat 2.26 Estimate as well as bear all the Tesla bulls Estimate ü§£ $TSLA üî•üìàüöÄ,en,[],[],[],6,59,801,[],['tsla'],https://twitter.com/TeslaSg/status/1516873568683921408,FALSE,0,0,0,0,0,0,0,0,0,[],0,0,0,0,2
12,1.51687E+18,1.51687E+18,2022-04-20 16:11:48 Eastern Daylight Time,4/20/2022,16:11:48,-400,243013409,sawyermerritt,Sawyer Merritt üìàüöÄ,0,"NEWS: Tesla says that they acs as the insurance carrier, which means that we are the underwriter and bear financial risk.  https://t.co/beneKzE5zP",en,[],[],['https://pbs.twimg.com/media/FQ0DS0eWQAEjOQ-.jpg'],9,35,411,[],[],https://twitter.com/SawyerMerritt/status/1516872282278354944,FALSE,0,1,https://pbs.twimg.com/media/FQ0DS0eWQAEjOQ-.jpg,0,0,0,0,0,0,[],0,0,0,0,1
13,1.51647E+18,1.51647E+18,2022-04-19 13:18:44 Eastern Daylight Time,4/19/2022,13:18:44,-400,1.23754E+18,powerbottomdad1,sucks (montenegro edition),0,"annoying cringe socialists: Elon is evil! he's never made anything of value! he got his fortune from an apartheid diamond and bought Tesla!!  my based af grandma: *has a giant teddy bear in her living room named Elon, loves to watch the rockets launch, cheers for the astronauts*",en,[],[],[],22,21,487,[],[],https://twitter.com/powerbottomdad1/status/1516466339870822402,FALSE,0,0,0,0,0,0,0,0,0,[],0,0,0,0,1
14,1.51614E+18,1.51614E+18,2022-04-18 16:00:59 Eastern Daylight Time,4/18/2022,16:00:59,-400,2398137084,arkinvest,ARK Invest,0,"In our Tesla valuation article, we outline:  ‚ñ™Ô∏èExample Bear &amp; Bull Outcomes ‚ñ™Ô∏èKey Model Assumptions ‚ñ™Ô∏èKey Updates to ARK‚Äôs 2021 Tesla Model ‚ñ™Ô∏èBusiness Opportunities Not Included In The Model ‚ñ™Ô∏èRisks and Limits Associated With Our Assumptions ‚ñ™Ô∏èAnd more!  https://t.co/l8idQc5mGs",en,[],['https://arkinv.st/3M8rn6k'],[],16,46,256,[],[],https://twitter.com/ARKInvest/status/1516144783944732672,FALSE,0,0,0,0,0,0,0,0,0,[],0,0,0,0,1
15,1.51608E+18,1.51608E+18,2022-04-18 11:38:02 Eastern Daylight Time,4/18/2022,11:38:02,-400,8.38125E+17,commandtechnoyt,Chris the Tesla Bear,0,@panley01 also has a great take on this   https://t.co/qWvAK5pVy7,en,[],['https://twitter.com/panley01/status/1515487554107236353'],[],0,3,51,[],[],https://twitter.com/CommandtechnoYT/status/1516078611392040969,FALSE,https://twitter.com/panley01/status/1515487554107236353,0,0,0,0,0,0,0,0,[],0,0,0,0,1
16,1.51608E+18,1.51608E+18,2022-04-18 11:36:49 Eastern Daylight Time,4/18/2022,11:36:49,-400,8.38125E+17,commandtechnoyt,Chris the Tesla Bear,0,The largest Discord bot @mee6bot @MEE6NFT decided it was a good idea to send out mass unsolicited marketing emails of their shitty NFTs to their users without their knowledge. This also violates Discord's Developer Policy.  https://t.co/2ZLJtvArtu,en,"[{'screen_name': 'mee6bot', 'name': 'mee6', 'id': '724434543126667265'}, {'screen_name': 'mee6nft', 'name': 'mee6 nft - web3 community', 'id': '1475596983582789632'}]",[],"['https://pbs.twimg.com/media/FQoxJgfWQAAaDOa.jpg', 'https://pbs.twimg.com/media/FQoxLevWUAUNiLL.jpg']",18,593,1257,[],[],https://twitter.com/CommandtechnoYT/status/1516078305069387785,FALSE,0,1,https://pbs.twimg.com/media/FQoxJgfWQAAaDOa.jpg,0,0,0,0,0,0,[],0,0,0,0,1
17,1.51554E+18,1.51554E+18,2022-04-16 23:51:18 Eastern Daylight Time,4/16/2022,23:51:18,-400,135227064,1kunalbahl,Kunal Bahl,0,"Bear in mind this was at a time when Elon was still known more for PayPal &amp; SpaceX, than Tesla. Instinctively, I turned back again and extended my hand saying, ""Elon, right?"" (üò¨).",en,[],[],[],1,5,194,[],[],https://twitter.com/1kunalbahl/status/1515538366745378819,FALSE,0,0,0,0,0,0,0,0,0,[],0,0,0,0,1
18,1.51498E+18,1.51498E+18,2022-04-15 10:48:57 Eastern Daylight Time,4/15/2022,10:48:57,-400,1.28934E+18,cokedupoptions,John W. Rich (Fake Tech Exec),0,"Tesla bull case: $50,000 per share by 2026  Tesla bear case: $49,990 per share by 2026",en,[],[],[],21,3,286,[],[],https://twitter.com/Cokedupoptions/status/1514979094961823751,FALSE,0,0,0,0,0,0,0,0,0,[],0,0,0,0,2
19,1.51498E+18,1.51498E+18,2022-04-15 10:34:57 Eastern Daylight Time,4/15/2022,10:34:57,-400,60880381,robinwigg,Robin Wigglesworth,0,Ark Invest‚Äôs ‚Äúbear‚Äù case for Tesla is for a mere tripling of the stock by 2026. Base case is 5x. They used a Monte Carlo model so you know it‚Äôs üíØ legit. HT @AntoineGara  https://t.co/tFQui9PL5I  https://t.co/1o1iMIhVUH,en,"[{'screen_name': 'antoinegara', 'name': 'antoine gara', 'id': '230577906'}]",['https://ark-invest.com/articles/analyst-research/arks-tesla-model/'],['https://pbs.twimg.com/media/FQZGPqIaQAE0pb-.jpg'],13,5,88,[],[],https://twitter.com/RobinWigg/status/1514975569607278596,FALSE,0,1,https://pbs.twimg.com/media/FQZGPqIaQAE0pb-.jpg,0,0,0,0,0,0,[],0,0,0,0,2
20,1.51497E+18,1.51497E+18,2022-04-15 10:22:15 Eastern Daylight Time,4/15/2022,10:22:15,-400,1.25083E+18,stockmktnewz,Stock Market News,0,"Cathie Wood and Ark Invest announced its updated Tesla $TSLA price target  Ark's new expected value for Tesla in 2026 is $4,600, with a Bear case of $2,900 and a Bull case of $5,800  https://t.co/IXdAcCvIkQ",en,[],[],['https://pbs.twimg.com/media/FQZCOGfXMAAKJlx.jpg'],25,28,161,[],['tsla'],https://twitter.com/StockMKTNewz/status/1514972375779098628,FALSE,0,1,https://pbs.twimg.com/media/FQZCOGfXMAAKJlx.jpg,0,0,0,0,0,0,[],0,0,0,0,2
21,1.51488E+18,1.51488E+18,2022-04-15 04:04:47 Eastern Daylight Time,4/15/2022,4:04:47,-400,1.41326E+18,shortl2021,One Bubble to Rule Them All,0,"1/2. ARK's new Tesla forecasts: bear case for 2026 is $2,900 ($3.3 trillion market cap), bull case $5,800 ($6.7 trillion). What can I say? They are not even embarrassed to put this stuff out.  https://t.co/2h0brA3Qgx",en,[],[],['https://pbs.twimg.com/media/FQXrkp4XwAE3LNz.png'],16,21,154,[],[],https://twitter.com/shortl2021/status/1514877382762672128,FALSE,0,1,https://pbs.twimg.com/media/FQXrkp4XwAE3LNz.png,0,0,0,0,0,0,[],0,0,0,0,2
22,1.51482E+18,1.51482E+18,2022-04-15 00:23:40 Eastern Daylight Time,4/15/2022,0:23:40,-400,1.28934E+18,cokedupoptions,John W. Rich (Fake Tech Exec),0,"My bull case for Tesla stock is $4,600 a share  My bear case is I get locked up in a mental facility",en,[],[],[],16,26,441,[],[],https://twitter.com/Cokedupoptions/status/1514821737057337349,FALSE,0,0,0,0,0,0,0,0,0,[],0,0,0,0,1
23,1.51479E+18,1.51479E+18,2022-04-14 22:25:25 Eastern Daylight Time,4/14/2022,22:25:25,-400,24985771,carcounsel,CarCounsel üá∫üá¶,0,"Yesterday I met someone whose lease was up this week who wanted an EV.   She said that while it would be easiest to go out and get a Tesla, she couldn‚Äôt bear the thought of supporting Elon so was willing to borrow, or walk, and wait for a MachE.   I just smiled, nodded. üíØ",en,[],[],[],12,3,102,[],[],https://twitter.com/CarCounsel/status/1514791976591192079,FALSE,0,0,0,0,0,0,0,0,0,[],0,0,0,0,1
24,1.51402E+18,1.51402E+18,2022-04-12 19:19:01 Eastern Daylight Time,4/12/2022,19:19:01,-400,1.45538E+18,cramertracker,Inverse Cramer ETF (Not Jim Cramer),0,You‚Äôve helped so many people Jim  ‚ÄúGet as many DIDI shares as you can‚Äù  ‚ÄúDo not take your money out of Bear Stearns‚Äù  ‚ÄúBuy Netflix!‚Äù  ‚ÄúWe like Coinbase to $475!‚Äù  ‚ÄúDo not invest in Tesla‚Äôs IPO‚Äù  https://t.co/Zwjzuwgmvq,en,[],[],['https://pbs.twimg.com/media/FQLhbUqXoAwLbvW.jpg'],13,12,166,[],[],https://twitter.com/CramerTracker/status/1514020291621670920,FALSE,0,1,https://pbs.twimg.com/media/FQLhbUqXoAwLbvW.jpg,0,0,0,0,0,0,[],0,0,0,0,1
25,1.51389E+18,1.51389E+18,2022-04-12 11:00:32 Eastern Daylight Time,4/12/2022,11:00:32,-400,9.30774E+17,squawksquare,squawksquare,0,"BREAKING: Gordy Johnson trying to start rumors about $TSLA Shanghai.   He has NO data, no information and is NEVER right. Don't sell a single share from anything he says. He has a 100% track record of being wrong and the biggest Tesla bear. Letting that clown talk is just wrong.",en,[],[],[],45,31,491,[],['tsla'],https://twitter.com/squawksquare/status/1513894846255321097,FALSE,0,0,0,0,0,0,0,0,0,[],0,0,0,0,1
26,1.51246E+18,1.51246E+18,2022-04-08 12:16:45 Eastern Daylight Time,4/8/2022,12:16:45,-400,1.35699E+18,cryptoerge,Crypto Erge,0,"Marketin d√∂nemini tahmin etmek i√ßin gelen haberleri dikkate alabilirsiniz..  Kritik diren√ßlerde k√∂t√º haberler geliyorsa bear, desteklerde iyi haberler geliyorsa bull olmaya yatkƒ±n bir market oluyor  √ñrn: Messi haberi, Tesla haberi vs. vs.  Evergrande vb. zamanlarƒ± da hatƒ±rlayƒ±n",tr,[],[],[],9,13,289,[],[],https://twitter.com/CryptoErge/status/1512464472966893579,FALSE,0,0,0,0,0,0,0,0,0,[],0,0,0,0,1
27,1.5111E+18,1.51109E+18,2022-04-04 18:00:21 Eastern Daylight Time,4/4/2022,18:00:21,-400,108365454,wr4nygov,Warren Redlich - Come and Take It - Molon TSLA,0,"@jasondebolt @TheTeslaBull I don't use the term ""price target"" because Wall Street has too much influence over stock price.  But yes, I do see the value of Tesla stock rising to be well over $20K.  Bear case $8K in 2030. That's if everything goes wrong.",en,[],[],[],11,6,93,[],[],https://twitter.com/WR4NYGov/status/1511101393947529223,FALSE,0,0,0,0,0,0,0,0,0,"[{'screen_name': 'jasondebolt', 'name': 'Jason DeBolt ‚ö°Ô∏è', 'id': '298274977'}, {'screen_name': 'TheTeslaBull', 'name': 'ƒê‚≠ïGEARMY GENERAL', 'id': '243928269'}]",0,0,0,0,1
28,1.51061E+18,1.51061E+18,2022-04-03 09:38:00 Eastern Daylight Time,4/3/2022,9:38:00,-400,1.08235E+18,divestech,Dan Ives,0,The problem with many of the Tesla bears is that this morning they are probably saying UNC did not win an epic game last night led by Caleb Love and playing in the Chip vs Rock Chalk.  No matter how good the news is relative to the broader auto sector-‚Äúhaters continue to hate‚Äù,en,[],[],[],28,29,410,[],[],https://twitter.com/DivesTech/status/1510612585489780736,FALSE,0,0,0,0,0,0,0,0,0,[],0,0,0,0,1
29,1.5106E+18,1.5106E+18,2022-04-03 09:07:09 Eastern Daylight Time,4/3/2022,9:07:09,-400,1.08235E+18,divestech,Dan Ives,0,"For Tesla the bulls/bears tomorrow both will argue their points. Bull camp: given supply chain issues/Covid shutdowns this was a strong relative delivery number especially considering other auto maker debacles. Bear camp: did not crush numbers, barely hit lowered delivery bogey",en,[],[],[],72,39,540,[],[],https://twitter.com/DivesTech/status/1510604820234874881,FALSE,0,0,0,0,0,0,0,0,0,[],0,0,0,0,1
30,1.50938E+18,1.50938E+18,2022-03-31 00:15:40 Eastern Daylight Time,3/31/2022,0:15:40,-400,31263848,stevenmarkryan,stevenmarkryan,0, https://t.co/LX6FXA7AQ2 - Tesla Stock ‚ÄúGoing Significantly Lower‚Äù Says Bear ü§°  NEW  $TSLA #Tesla #TSLA #TeslaStock #ElonMusk  https://t.co/oAZUz2vQmM,en,[],['https://youtu.be/YuHm70Ro7fU'],['https://pbs.twimg.com/media/FPJoiLVakAE7TXA.jpg'],18,13,251,"['tesla', 'tsla', 'teslastock', 'elonmusk']",['tsla'],https://twitter.com/stevenmarkryan/status/1509383904117276672,FALSE,0,1,https://pbs.twimg.com/media/FPJoiLVakAE7TXA.jpg,0,0,0,0,0,0,[],0,0,0,0,1
31,1.50736E+18,1.50736E+18,2022-03-25 10:00:23 Eastern Daylight Time,3/25/2022,10:00:23,-400,392190716,hodldogenotdebt,ƒêOGE Bunker,0,Has anyone seen this $doge bull feeding the bears? The park said no feeding the animals! @elonmusk #doge #dogecoin $tsla #tesla  https://t.co/Z1laKJpOzL,en,"[{'screen_name': 'elonmusk', 'name': 'elon musk', 'id': '44196397'}]",[],['https://pbs.twimg.com/media/FOs080UXMBM2_Pc.jpg'],14,22,80,"['doge', 'dogecoin', 'tesla']","['doge', 'tsla']",https://twitter.com/HODLdogeNOTdebt/status/1507356724629549061,FALSE,0,1,https://pbs.twimg.com/media/FOs080UXMBM2_Pc.jpg,0,0,0,0,0,0,[],0,0,0,0,1
32,1.50688E+18,1.50688E+18,2022-03-24 02:09:25 Eastern Daylight Time,3/24/2022,2:09:25,-400,31263848,stevenmarkryan,stevenmarkryan,0, https://t.co/6SZS5R4CmH - Tesla Bear LOSES IT: Says Giga Berlin A Stock ‚ÄúPUMP‚Äù ü§°  NEW  $TSLA #Tesla #TSLA #TeslaStock #ElonMusk  https://t.co/Gq78FXzBt6,en,[],['https://youtu.be/xNecTcNLJCM'],['https://pbs.twimg.com/media/FOl_QiLaMAM19H0.jpg'],12,18,163,"['tesla', 'tsla', 'teslastock', 'elonmusk']",['tsla'],https://twitter.com/stevenmarkryan/status/1506875816843812864,FALSE,0,1,https://pbs.twimg.com/media/FOl_QiLaMAM19H0.jpg,0,0,0,0,0,0,[],0,0,0,0,1
33,1.50639E+18,1.50639E+18,2022-03-22 17:42:01 Eastern Daylight Time,3/22/2022,17:42:01,-400,37084745,invest_answers,InvestAnswers,0,"Bear Market Over? Let's have a look at the news, on-chain data and TA covering #BTC #Ethereum #CLSK #HUT8 #Amazon #Tesla and more live at 3.05  https://t.co/kEAGZLyihG  https://t.co/iaV7ecr4Cu",en,[],['https://buff.ly/3ivxXY6'],['https://pbs.twimg.com/media/FOfB17uXMAg3zmw.jpg'],35,25,315,"['btc', 'ethereum', 'clsk', 'hut8', 'amazon', 'tesla']",[],https://twitter.com/invest_answers/status/1506385735624056840,FALSE,0,1,https://pbs.twimg.com/media/FOfB17uXMAg3zmw.jpg,0,0,0,0,0,0,[],0,0,0,0,2
34,1.50621E+18,1.50621E+18,2022-03-22 05:49:04 Eastern Daylight Time,3/22/2022,5:49:04,-400,376147895,teslasg,T ‚ö°Ô∏èüîãüöÄüåïüá∫üá¶,0,Recently there are lots of Bulls turned into Bears. A Tesla bull sold 200 shares of $TSLA at $800 before it surged to $900. ü§¶‚Äç‚ôÇÔ∏è  No matter what..Time in the markets &gt; Timing the markets. Do not buy high sell low for silly reason. As long as you are long term. You should be fine,en,[],[],[],19,6,157,[],['tsla'],https://twitter.com/TeslaSg/status/1506206317093920768,FALSE,0,0,0,0,0,0,0,0,0,[],0,0,0,0,0
35,1.50607E+18,1.50607E+18,2022-03-21 21:02:38 Eastern Daylight Time,3/21/2022,21:02:38,-400,435266378,tslafanmtl,James Cat,0,"Tesla bears made literally the worst bet in the history of short selling, and they take ZERO ownership pf anything in this list except stock price.",en,[],[],[],9,2,157,[],[],https://twitter.com/TSLAFanMtl/status/1506073835254304769,FALSE,0,0,0,0,0,0,0,0,0,[],0,0,0,0,2
36,1.50607E+18,1.50607E+18,2022-03-21 20:49:27 Eastern Daylight Time,3/21/2022,20:49:27,-400,435266378,tslafanmtl,James Cat,0,"1/  Since I have started following Tesla (2018ish)...  Things $TSLA bears got RIGHT:   Late on new products (Semi, Roadster, CT, FSD, 4680).  Things $TSLA bears got WRONG:  -Model 3 won't ramp  &gt;3k/wk -Model 3 demand, everywhere -Profitability on 4 Q's -Profitability ex credits",en,[],[],[],23,23,352,[],"['tsla', 'tsla']",https://twitter.com/TSLAFanMtl/status/1506070518402895873,FALSE,0,0,0,0,0,0,0,0,0,[],0,0,0,0,1
37,1.50573E+18,1.50573E+18,2022-03-20 22:35:08 Eastern Daylight Time,3/20/2022,22:35:08,-400,435266378,tslafanmtl,James Cat,0,Any Tesla bear thesis that cites EV shr is just moronic.   Real risks to $TSLA?  1. Geopolitical risks from China. 2. Regulatory risk from FSD. 3. 4680 ramp delays.  Not worried about inflation/commodities - they will pass these off.  Not worried about competition- there is none.,en,[],[],[],45,18,384,[],['tsla'],https://twitter.com/TSLAFanMtl/status/1505734724861546506,FALSE,0,0,0,0,0,0,0,0,0,[],0,0,0,0,1
38,1.50561E+18,1.50561E+18,2022-03-20 14:07:50 Eastern Daylight Time,3/20/2022,14:07:50,-400,435266378,tslafanmtl,James Cat,0,"Listened to a Twitter Space last night where a few $TSLA bears shared their thoughts.  The take-home question in bear land is now: ""when will Tesla miss a quarter?""   Bears continue to repeat the same mistakes on EV share, demand, and continue to deny that they got anything wrong",en,[],[],[],45,41,589,[],['tsla'],https://twitter.com/TSLAFanMtl/status/1505607057541582853,FALSE,0,0,0,0,0,0,0,0,0,[],0,0,0,0,1
39,1.50346E+18,1.50345E+18,2022-03-14 15:43:45 Eastern Daylight Time,3/14/2022,15:43:45,-400,415794343,tweetermeyer,E.W. Niedermeyer,0,"This video is from last summer. Never trust these half-baked driver assistance systems, even for something like stopping at lights. There's a reason Tesla doesn't take any liability for AP or FSD, so you'll bear the consequences for their failure modes!   https://t.co/CdMgmFnIWl",en,[],['https://twitter.com/i/status/1400207129479352323'],[],1,9,85,[],[],https://twitter.com/Tweetermeyer/status/1503456868898725888,FALSE,https://twitter.com/i/status/1400207129479352323,0,0,0,0,0,0,0,0,[],0,0,0,0,1
40,1.50315E+18,1.50314E+18,2022-03-13 19:23:02 Eastern Daylight Time,3/13/2022,19:23:02,-400,348844712,gfilche,Gali,0,"@profgalloway lol Scott Galloway really blocked me cuz of the tweet. i don‚Äôt blame him, we were supposed to do a bull/bear tesla debate in 2018 on HyperChange but he flaked cuz he had to spend a few months in Europe üòÇüòÇ dude has been so wrong for so long on so many topics. clownin",en,[],[],[],16,6,276,[],[],https://twitter.com/Gfilche/status/1503149668074606593,FALSE,0,0,0,0,0,0,0,0,0,"[{'screen_name': 'profgalloway', 'name': 'Scott Galloway', 'id': '9273802'}]",0,0,0,0,1
41,1.50262E+18,1.50262E+18,2022-03-12 07:30:26 Eastern Standard Time,3/12/2022,7:30:26,-400,2947691235,sardoniccanuck,SardonicCanuck,0,$TSLA  Just wanted to take a moment to remind everyone that those goofballs at Direxion are launching single stock ETFs sometime in May that will include 2x leveraged bull and bearüòè  ‚Ä¶and yes Tesla is going to be one of themüòè  ‚Ä¶and you‚Äôll be able to buy shares on marginüòè  https://t.co/dOVVblAvN7,en,[],[],['https://pbs.twimg.com/tweet_video_thumb/FNpjsVUXIAAetq-.jpg'],18,9,116,[],['tsla'],https://twitter.com/SardonicCanuck/status/1502623046590504961,FALSE,0,1,https://pbs.twimg.com/tweet_video_thumb/FNpjsVUXIAAetq-.jpg,0,0,0,0,0,0,[],0,0,0,0,1
42,1.50172E+18,1.50172E+18,2022-03-09 19:48:43 Eastern Standard Time,3/9/2022,19:48:43,-400,1.33691E+18,teslaeconomist,Tesla Economist,0,Tesla investors are smarter than the average bear.,en,[],[],[],47,30,600,[],[],https://twitter.com/teslaeconomist/status/1501721680062074880,FALSE,0,0,0,0,0,0,0,0,0,[],0,0,0,0,1
43,1.50107E+18,1.50107E+18,2022-03-08 00:35:33 Eastern Standard Time,3/8/2022,0:35:33,-400,435266378,tslafanmtl,James Cat,0,I'm no supply chain-ologist but I'm pretty sure $TSLA's battery suppliers (and Tesla itself) hedge for commodity costs to ensure price and cost stability. Tesla bears wetting their pants over short-term cost increases will be disappointed.,en,[],[],[],32,17,428,[],['tsla'],https://twitter.com/TSLAFanMtl/status/1501069088617111553,FALSE,0,0,0,0,0,0,0,0,0,[],0,0,0,0,2
44,1.49675E+18,1.49675E+18,2022-02-24 02:25:22 Eastern Standard Time,2/24/2022,2:25:22,-400,1.42926E+18,rotangll,JohnQ üíôüíõ,0,"The flakey $TSLA community is  crumbling and divided. I‚Äôve never seen so many bulls and lemmings turning into bears. So much uncertainty, so much doubt, so many bag holders. $TSLAQ #Tesla",en,[],[],[],39,4,87,['tesla'],"['tsla', 'tslaq']",https://twitter.com/ROTANGll/status/1496748068238073857,FALSE,0,0,0,0,0,0,0,0,0,[],0,0,0,0,1
45,1.49486E+18,1.49486E+18,2022-02-18 21:20:40 Eastern Standard Time,2/18/2022,21:20:40,-400,1.3617E+18,doctorjack16,Doctor Jack,0,"Why my conviction for $TSLA has grown since joining the Twitter community. Tesla bulls back up their conviction with data &amp; logic. Tesla bears seem to back it up by headline titles, feelings, opinions, sarcasm, personal attacks, &amp; general lack of data &amp; logic.",en,[],[],[],100,153,1517,[],['tsla'],https://twitter.com/DoctorJack16/status/1494859447830732809,FALSE,0,0,0,0,0,0,0,0,0,[],0,0,0,0,1
46,1.49377E+18,1.49377E+18,2022-02-15 21:19:05 Eastern Standard Time,2/15/2022,21:19:05,-400,1.09141E+18,fermissocks,Fermi's Pair of Socks,0,"FSD is such a huge gamble on Tesla‚Äôs part. You have to appreciate Elon‚Äôs fortitude, or his insane optimism.   Bear case is that it gets shut down (due to something material or not) and TSLA gets hammered. Bull case is the moon.   I think the odds of a middle case are decreasing.",en,[],[],[],23,1,69,[],[],https://twitter.com/FermisSocks/status/1493771886601269254,FALSE,0,0,0,0,0,0,0,0,0,[],0,0,0,0,1
47,1.49375E+18,1.49375E+18,2022-02-15 19:51:54 Eastern Standard Time,2/15/2022,19:51:54,-400,27046692,lorakolodny,Lora Kolodny,0,"i don't care if you're a tesla bull, bear, fan, stan, critic or hater or anything in between -- if you're a jerk or bot-like on twitter you'll likely end up blocked. i don't owe you or anyone else an explanation. i don't use any block lists. i use &amp; recommend @blockpartyapp_",en,"[{'screen_name': 'blockpartyapp_', 'name': 'block party', 'id': '1069265806712860672'}]",[],[],5,3,71,[],[],https://twitter.com/lorakolodny/status/1493749946851471361,FALSE,0,0,0,0,0,0,0,0,0,[],0,0,0,0,1
48,1.49343E+18,1.49343E+18,2022-02-14 22:31:38 Eastern Standard Time,2/14/2022,22:31:38,-400,243013409,sawyermerritt,Sawyer Merritt üìàüöÄ,0,NEWS: Longtime Tesla bear Greenlight‚Äôs David Einhorn is shorting $TSLA....again.  https://t.co/9pgBwItuwE,en,[],['https://www.cnbc.com/2022/02/14/longtime-tesla-bear-greenlights-david-einhorn-is-betting-against-the-ev-maker-again.html'],[],253,61,862,[],['tsla'],https://twitter.com/SawyerMerritt/status/1493427755920375809,FALSE,0,0,0,0,0,0,0,0,0,[],0,0,0,0,0
49,1.49337E+18,1.49337E+18,2022-02-14 18:35:59 Eastern Standard Time,2/14/2022,18:35:59,-400,20402945,cnbc,CNBC,0,Longtime Tesla bear Greenlight's David Einhorn is betting against the EV maker again  https://t.co/abI8zf3RPa,en,[],['https://cnb.cx/3JsbO8f'],[],43,27,185,[],[],https://twitter.com/CNBC/status/1493368455751516160,FALSE,0,0,0,0,0,0,0,0,0,[],0,0,0,0,0
50,1.49337E+18,1.49337E+18,2022-02-14 18:35:32 Eastern Standard Time,2/14/2022,18:35:32,-400,2975103519,yunli626,Yun Li,0,"Greenlight's David Einhorn is shorting $TSLA again, a filing showed.  Einhorn was one of the most vocal Tesla bears on Wall Street at one time, calling the company's promises about autonomous vehicles ""horse---t.""  https://t.co/4NalYpA98L",en,[],['https://www.cnbc.com/2022/02/14/longtime-tesla-bear-greenlights-david-einhorn-is-betting-against-the-ev-maker-again.html'],[],101,46,260,[],['tsla'],https://twitter.com/YunLi626/status/1493368340257165312,FALSE,0,0,0,0,0,0,0,0,0,[],0,0,0,0,0
51,1.49332E+18,1.49332E+18,2022-02-14 15:32:58 Eastern Standard Time,2/14/2022,15:32:58,-400,1.09141E+18,fermissocks,Fermi's Pair of Socks,0,"Tesla bears are already shifting their arguments from ""4680s are fake"" to ""4680s can be used by anyone, even though nobody else has plans to do so"".   I'm not sure if they are more worn out from moving goalposts or holding bags.",en,[],[],[],19,10,221,[],[],https://twitter.com/FermisSocks/status/1493322395448487942,FALSE,0,0,0,0,0,0,0,0,0,[],0,0,0,0,1
52,1.49263E+18,1.49263E+18,2022-02-12 18:01:19 Eastern Standard Time,2/12/2022,18:01:19,-400,345525945,tictoctick,emini tic,0,Listen me .. if u r a #bitcoin bull then you cannot be $tsla bear   And if you are a Tesla $tsla bear you cannot be a #btc bull   Don‚Äôt ask me why it is so,en,[],[],[],30,10,194,"['bitcoin', 'btc']","['tsla', 'tsla']",https://twitter.com/TicTocTick/status/1492634953414152192,FALSE,0,0,0,0,0,0,0,0,0,[],0,0,0,0,1
53,1.49224E+18,1.49224E+18,2022-02-11 15:54:18 Eastern Standard Time,2/11/2022,15:54:18,-400,435266378,tslafanmtl,James Cat,0,"Things that knock $TSLA stock price back from all-time highs:  1. Once in a generation pandemic. 2. High inflation as a result of #1. 3. Threat of WW3.  Well done, Tesla bears!",en,[],[],[],43,21,488,[],['tsla'],https://twitter.com/TSLAFanMtl/status/1492240603068911619,FALSE,0,0,0,0,0,0,0,0,0,[],0,0,0,0,1
54,1.49119E+18,1.49119E+18,2022-02-08 18:05:24 Eastern Standard Time,2/8/2022,18:05:24,-400,1.01606E+18,teslaownerssv,Tesla Owners Silicon Valley,0,My @tesla Fwaud handled the infamous Bear Creek Road today in the Santa Cruz Mountains like a champ. #FSDBeta is getting better at incredible speeds with each update. @elonmusk  https://t.co/5ad35xfCcZ,en,"[{'screen_name': 'tesla', 'name': 'tesla', 'id': '13298072'}, {'screen_name': 'elonmusk', 'name': 'elon musk', 'id': '44196397'}]",[],[],26,44,371,['fsdbeta'],[],https://twitter.com/teslaownersSV/status/1491186430420615169,FALSE,0,1,https://pbs.twimg.com/ext_tw_video_thumb/1491186242620329986/pu/img/xMZ6YD9KYc5wbT9N.jpg,0,0,0,0,0,0,[],0,0,0,0,1
55,1.49105E+18,1.49105E+18,2022-02-08 08:57:29 Eastern Standard Time,2/8/2022,8:57:29,-400,1.26349E+18,wholemarsblog,Whole Mars Catalog,0,In 2018 nobody believed Tesla could pull Model 3 off. Bears ran the show. But Tesla pulled it off.   2019 to 2020 bears took a beating killed as Tesla turns the corner‚Ä¶ but then the bears start excitedly discussing a potential savior: a global pandemic,en,[],[],[],9,8,175,[],[],https://twitter.com/WholeMarsBlog/status/1491048542907305986,FALSE,0,0,0,0,0,0,0,0,0,[],0,0,0,0,1
56,1.49033E+18,1.49033E+18,2022-02-06 09:15:06 Eastern Standard Time,2/6/2022,9:15:06,-400,1.09141E+18,fermissocks,Fermi's Pair of Socks,0,"It‚Äôs not a coincidence that Tesla bears are laser focused on Autonomy. The bull case doesn‚Äôt need autonomy to work, but the bear case requires it to NOT work.",en,[],[],[],11,10,79,[],[],https://twitter.com/FermisSocks/status/1490328199964028931,FALSE,0,0,0,0,0,0,0,0,0,[],0,0,0,0,1
57,1.49002E+18,1.49002E+18,2022-02-05 12:57:21 Eastern Standard Time,2/5/2022,12:57:21,-400,349249475,gerberkawasaki,Ross Gerber,0,This video gets more enjoyable the longer time goes on. ‚ÄúTesla Bull Ross Gerber vs. Tesla Bear Gordon Johnson‚Äù  https://t.co/w4oBdyzedg via @YouTube @BullishStudio @Gfilche @realMeetKevin $tsla #TeslaModel3 @elonmusk,en,"[{'screen_name': 'youtube', 'name': 'youtube', 'id': '10228272'}, {'screen_name': 'bullishstudio', 'name': 'bullish studio', 'id': '1347238319269294083'}, {'screen_name': 'gfilche', 'name': 'gali', 'id': '348844712'}, {'screen_name': 'realmeetkevin', 'name': 'meet kevin', 'id': '23847960'}, {'screen_name': 'elonmusk', 'name': 'elon musk', 'id': '44196397'}]",['https://youtu.be/1oVAnv4DWIM'],[],18,14,155,['teslamodel3'],['tsla'],https://twitter.com/GerberKawasaki/status/1490021743355830272,FALSE,0,0,0,0,0,0,0,0,0,[],0,0,0,0,1
58,1.48892E+18,1.48892E+18,2022-02-02 11:46:25 Eastern Standard Time,2/2/2022,11:46:25,-400,294548572,iamtomnash,Tom Nash,0,Correction: Tesla is down 4% - all the bears are posting about how they were right lol,en,[],[],[],60,7,441,[],[],https://twitter.com/iamtomnash/status/1488916730164486147,FALSE,0,0,0,0,0,0,0,0,0,[],0,0,0,0,0
59,1.48889E+18,1.48889E+18,2022-02-02 10:03:50 Eastern Standard Time,2/2/2022,10:03:50,-400,294548572,iamtomnash,Tom Nash,0,Tesla is down 0.8% - all the bears are posting about how they were right lol,en,[],[],[],26,11,348,[],[],https://twitter.com/iamtomnash/status/1488890911224385539,FALSE,0,0,0,0,0,0,0,0,0,[],0,0,0,0,0
60,1.48803E+18,1.48803E+18,2022-01-31 01:05:33 Eastern Standard Time,1/31/2022,1:05:33,-400,31263848,stevenmarkryan,stevenmarkryan,0," https://t.co/hekGLylKkv - Bear Says Tesla Will Be EXPOSED In 2022, Stock To Collapse  NEW  $TSLA #Tesla @Tesla #TeslaStock  https://t.co/FhvjmiASHP",en,"[{'screen_name': 'tesla', 'name': 'tesla', 'id': '13298072'}]",['https://youtu.be/LvsxkYNkr1o'],['https://pbs.twimg.com/media/FKaL_BQaIAMYCKn.jpg'],15,12,151,"['tesla', 'teslastock']",['tsla'],https://twitter.com/stevenmarkryan/status/1488030672866316288,FALSE,0,1,https://pbs.twimg.com/media/FKaL_BQaIAMYCKn.jpg,0,0,0,0,0,0,[],0,0,0,0,1
61,1.48677E+18,1.48677E+18,2022-01-27 13:36:04 Eastern Standard Time,1/27/2022,13:36:04,-400,294548572,iamtomnash,Tom Nash,0,FYI - the Tesla bears that are crawling out of their holes now like cockroaches are the same morons who told you Tesla was expensive at 400 pre split.,en,[],[],[],19,14,440,[],[],https://twitter.com/iamtomnash/status/1486769997489881089,FALSE,0,0,0,0,0,0,0,0,0,[],0,0,0,0,1
62,1.4867E+18,1.4867E+18,2022-01-27 08:44:01 Eastern Standard Time,1/27/2022,8:44:01,-400,345525945,tictoctick,emini tic,0,"$tsla is gonna be key today.   I personally think if Tesla holds 920, further bear üêª in $spy may be harder to achieve today. Now 940.   A close above 963 in $tsla is good üòä and could lead to a test of 4425-4441 in S&amp;P500 Emini, now 4360.  $tsla &lt; 920 may lead to $es &lt; 4336",en,[],[],[],16,15,225,[],"['tsla', 'spy', 'tsla', 'tsla', 'es']",https://twitter.com/TicTocTick/status/1486696498314186761,FALSE,0,0,0,0,0,0,0,0,0,[],0,0,0,0,1
63,1.48648E+18,1.48648E+18,2022-01-26 18:16:44 Eastern Standard Time,1/26/2022,18:16:44,-400,37084745,invest_answers,InvestAnswers,0,"The Fed, Bulls, Bears, Bans - which way is up for 2022 featuring #BTC #ETH and #TESLA - and updated approach to markets. Live at 330PT  https://t.co/Ux0R767RKo  https://t.co/ZSXmV3Vcwt",en,[],['https://buff.ly/3s0mFzs'],['https://pbs.twimg.com/media/FKEIFFRX0AAADFL.jpg'],60,33,363,"['btc', 'eth', 'tesla']",[],https://twitter.com/invest_answers/status/1486478238117421056,FALSE,0,1,https://pbs.twimg.com/media/FKEIFFRX0AAADFL.jpg,0,0,0,0,0,0,[],0,0,0,0,1
64,1.48584E+18,1.48584E+18,2022-01-25 00:18:06 Eastern Standard Time,1/25/2022,0:18:06,-400,31263848,stevenmarkryan,stevenmarkryan,0, https://t.co/Naf53y4IKZ - DESTROYED: Tesla Bear Gets TORN To Shreds üî•üî•  NEW  $TSLA #Tesla @Tesla #TeslaStock  https://t.co/dtRT69UTb6,en,"[{'screen_name': 'tesla', 'name': 'tesla', 'id': '13298072'}]",['https://youtu.be/WwqOGwywfnE'],['https://pbs.twimg.com/media/FJ7HWKvaAAAKEPn.jpg'],13,16,184,"['tesla', 'teslastock']",['tsla'],https://twitter.com/stevenmarkryan/status/1485844403898167298,FALSE,0,1,https://pbs.twimg.com/media/FJ7HWKvaAAAKEPn.jpg,0,0,0,0,0,0,[],0,0,0,0,1
65,1.4856E+18,1.4856E+18,2022-01-24 07:52:04 Eastern Standard Time,1/24/2022,7:52:04,-400,52370117,jpr007,JPR007,0,The market is closing in on our Sleeping Bear Traps for Tesla . . .  Enjoy the journey  https://t.co/4EEXgitECE,en,[],[],['https://pbs.twimg.com/media/FJ3l7HHVQAAKoUr.jpg'],22,20,350,[],[],https://twitter.com/jpr007/status/1485596260606169090,FALSE,0,1,https://pbs.twimg.com/media/FJ3l7HHVQAAKoUr.jpg,0,0,0,0,0,0,[],0,0,0,0,2
66,1.48438E+18,1.48438E+18,2022-01-20 23:32:30 Eastern Standard Time,1/20/2022,23:32:30,-400,1908616248,bevedoni,Doniyor,0,My $TSLA investment strategy:   Forget these bear/bull cases. It is bullshit. Tesla will be the biggest company in this universe. It is happening in front of our eyes already. My heart tells me this everyday. It is about the biggest change in human history. Stop chasing numbers.,en,[],[],[],51,39,565,[],['tsla'],https://twitter.com/bevedoni/status/1484383377729982464,FALSE,0,0,0,0,0,0,0,0,0,[],0,0,0,0,1
67,1.48413E+18,1.48413E+18,2022-01-20 07:00:00 Eastern Standard Time,1/20/2022,7:00:00,-400,9.98141E+17,28delayslater,üá∫üá¶ ü¶ä Earl of FrunkPuppy üá∫üá¶,0,"(1/?) Part of the bear case (forever) is that Teslas are awful cars but people have no other EV choice so they suffer with Tesla. As soon as there are more EVs no one will buy Tesla any more. This is noted from financial institutions and in the media, going unchallenged.",en,[],[],[],44,65,452,[],[],https://twitter.com/28delayslater/status/1484133607006519302,FALSE,0,0,0,0,0,0,0,0,0,[],0,0,0,0,0
68,1.48395E+18,1.48395E+18,2022-01-19 18:48:35 Eastern Standard Time,1/19/2022,18:48:35,-400,7.12722E+17,heikki_bear,Heikki,0,Many @tesla fans defend #FSD test drivers But CA DMV says these things about autonomous testing with a driver: -Drivers background checks -Test vehicles are exclusively only used for testing -Disengagements need to be kept track of and reported  Tesla does none of this.  $tsla  https://t.co/pq0I0Nhc0Z,en,"[{'screen_name': 'tesla', 'name': 'tesla', 'id': '13298072'}]",[],"['https://pbs.twimg.com/media/FJgLLoaXwAIrljc.png', 'https://pbs.twimg.com/media/FJgLk9RWQAE1zFY.jpg', 'https://pbs.twimg.com/media/FJgL-s3XsAUYaIH.jpg']",6,19,97,['fsd'],['tsla'],https://twitter.com/heikki_bear/status/1483949541330243588,FALSE,0,1,https://pbs.twimg.com/media/FJgLLoaXwAIrljc.png,0,0,0,0,0,0,[],0,0,0,0,0
69,1.48356E+18,1.48356E+18,2022-01-18 17:08:38 Eastern Standard Time,1/18/2022,17:08:38,-400,1.45918E+18,brutalbearsnft,BRUTAL BEARS | MINTING NOW LIVE,0,"üö®Brutal Bears is giving away 1 #PS5 a week for 4 weeks. 1st #Giveaway ends 1/25 üéÆ  Huge roadmap, w/ #Tesla Model 3 Giveaway! üí∞ #NFT w/ #P2E Game Utility  To Enter ‚¨áÔ∏è ‚û°Ô∏è Follow @brutalbearsnft ‚û°Ô∏è Like &amp; RT original post ‚û°Ô∏è Tag 3 Friends  ‚û°Ô∏è Join #Discord  https://t.co/iVNduHu49n  https://t.co/G8NALzlstn",en,"[{'screen_name': 'brutalbearsnft', 'name': 'brutal bears | minting now live', 'id': '1459184085239271470'}]",['https://discord.gg/cDF6Eut3bM'],['https://pbs.twimg.com/tweet_video_thumb/FJardyEXIAAhyMn.jpg'],556,525,770,"['ps5', 'giveaway', 'tesla', 'nft', 'p2e', 'discord']",[],https://twitter.com/BrutalBearsNFT/status/1483562000462626824,FALSE,0,1,https://pbs.twimg.com/tweet_video_thumb/FJardyEXIAAhyMn.jpg,0,0,0,0,0,0,[],0,0,0,0,1
70,1.48346E+18,1.48346E+18,2022-01-18 10:32:37 Eastern Standard Time,1/18/2022,10:32:37,-400,553822388,greekfire23,GreekFire23,0,"Every time CNBC brings on a market bear, Tesla critic, or Crypto skeptic they always ask the guest if they have a financial interest in going against these. When they bring on Larry Fink they never ask him if he has a financial interest in gathering more AUM with his bullishness",en,[],[],[],6,7,137,[],[],https://twitter.com/GreekFire23/status/1483462337482960898,FALSE,0,0,0,0,0,0,0,0,0,[],0,0,0,0,1
71,1.48317E+18,1.48314E+18,2022-01-17 14:57:08 Eastern Standard Time,1/17/2022,14:57:08,-400,367237480,icannot_enough,James Stephenson,0,"A leading bear argument made by $TSLAQ in 2018 was that the Jaguar I-Pace was going to crush Tesla.  For those of you new to Tesla Twitter, no, I am not joking.  https://t.co/fsV5OsUYIj",en,[],[],['https://pbs.twimg.com/media/FJVEFlcXwAERFpX.jpg'],8,12,164,[],['tslaq'],https://twitter.com/ICannot_Enough/status/1483166518988922882,FALSE,0,1,https://pbs.twimg.com/media/FJVEFlcXwAERFpX.jpg,0,0,0,0,0,0,[],0,0,0,0,1
72,1.48251E+18,1.48251E+18,2022-01-15 19:22:49 Eastern Standard Time,1/15/2022,19:22:49,-400,31263848,stevenmarkryan,stevenmarkryan,0," https://t.co/szeMREREkn - Just posted an update to all Tesla stock price targets (bear, base &amp; bull case) in all years from 2022-2031.  I also include a ""weighted average"" price target based on the probabilities of my bear, base and bull case.  My base is &gt; Wall St's high.  $TSLA",en,[],['https://www.patreon.com/posts/57460691'],[],7,8,132,[],['tsla'],https://twitter.com/stevenmarkryan/status/1482508602451849216,FALSE,0,0,0,0,0,0,0,0,0,[],0,0,0,0,1
73,1.4822E+18,1.4822E+18,2022-01-14 23:13:28 Eastern Standard Time,1/14/2022,23:13:28,-400,1.47698E+18,rudy4futuretech,Rudy Alset,0,"$DOGE is going to the moon.   The bears are out, only bulls now   ##Dogecoin #Tesla",en,[],[],[],25,65,364,"['dogecoin', 'tesla']",['doge'],https://twitter.com/Rudy4FutureTech/status/1482204259487604739,FALSE,0,0,0,0,0,0,0,0,0,[],0,0,0,0,1
74,1.48138E+18,1.48138E+18,2022-01-12 16:53:08 Eastern Standard Time,1/12/2022,16:53:08,-400,367237480,icannot_enough,James Stephenson,0,"Fibonacci Advisors initiates coverage on Tesla with a Buy Rating and a 1-year price target of $1,123.58, a bear case of $112.35, and a bull case of $11,235.813.  They expect a 61.8033989% revenue CAGR.  So oddly specific, those numbers‚Ä¶ üôÉ",en,[],[],[],78,18,542,[],[],https://twitter.com/ICannot_Enough/status/1481383769156243460,FALSE,0,0,0,0,0,0,0,0,0,[],0,0,0,0,1
75,1.47859E+18,1.47859E+18,2022-01-04 23:44:11 Eastern Standard Time,1/4/2022,23:44:11,-400,31263848,stevenmarkryan,stevenmarkryan,0,"Just updated my 10 year Tesla price targets (bear, base &amp; bull case out to 2031) on Patreon:  https://t.co/szeMRF8Hmn  Change is based on integration of the final 2021 delivery numbers (my estimate was ~0.5% off).  $TSLA",en,[],['https://www.patreon.com/posts/57460691'],[],9,3,167,[],['tsla'],https://twitter.com/stevenmarkryan/status/1478588110904516610,FALSE,0,0,0,0,0,0,0,0,0,[],0,0,0,0,1
76,1.47814E+18,1.47814E+18,2022-01-03 17:59:43 Eastern Standard Time,1/3/2022,17:59:43,-400,1.28982E+18,stocktalkweekly,Stock Talk Weekly üéô,0,"$TSLA The bears that tell you Tesla is overvalued today, said the same thing in 2020 when it was trading $100-200 &amp; in 2021 when it was trading $550-700. The argument is myopic: they confidently compare $TSLA to $F $GM $VWAGY. Tesla makes EVs, but it's an energy &amp; AI business.",en,[],[],[],21,14,157,[],"['tsla', 'tsla', 'f', 'gm', 'vwagy']",https://twitter.com/stocktalkweekly/status/1478139037252730885,FALSE,0,0,0,0,0,0,0,0,0,[],0,0,0,0,1
77,1.478E+18,1.478E+18,2022-01-03 08:45:56 Eastern Standard Time,1/3/2022,8:45:56,-400,1308211178,teslarati,TESLARATI,0,"Tesla bulls and bears dig their heels as $TSLA surges following Q4, FY21 results  https://t.co/n2vNwfXBjd by @ResidentSponge",en,"[{'screen_name': 'residentsponge', 'name': 'simon alvarez', 'id': '798749450223030272'}]",['https://www.teslarati.com/tesla-tsla-q4-fy-2021-results-bulls-vs-bears/'],[],7,23,290,[],['tsla'],https://twitter.com/Teslarati/status/1477999673923313668,FALSE,0,0,0,0,0,0,0,0,0,[],0,0,0,0,1
78,1.47789E+18,1.47789E+18,2022-01-03 01:47:09 Eastern Standard Time,1/3/2022,1:47:09,-400,9.85244E+17,teslaconomics,Teslaconomics,0,Who‚Äôs ready to slaughter some bears this week? üêª üî•   $TSLA #Tesla,en,[],[],[],26,13,482,['tesla'],['tsla'],https://twitter.com/Teslaconomics/status/1477894282388590592,FALSE,0,0,0,0,0,0,0,0,0,[],0,0,0,0,2
79,1.47787E+18,1.47782E+18,2022-01-03 00:09:45 Eastern Standard Time,1/3/2022,0:09:45,-400,41157223,colatabajonies,Christopher Gilmore ü´É,0,@Reed_Wolfpack Imagine hating a company so much that you cry foul when they deliver a large consensus beat. It‚Äôs impressive that you think the Enron analogy is more likely than just actual record deliveries.  I am thankful though. The tesla thesis wouldn‚Äôt be as rewarding without these bears.,en,[],[],[],5,2,143,[],[],https://twitter.com/Colatabajonies/status/1477869770104000513,FALSE,0,0,0,0,0,0,0,0,0,[],0,0,0,0,1
80,1.47774E+18,1.47774E+18,2022-01-02 15:43:19 Eastern Standard Time,1/2/2022,15:43:19,-400,757033212,bowtiedbull,BowTiedBull - Read Pinned Tweet or NGMI,0,Tesla bears till exist.  You are not smarter than Elon sorry bro.  Note: Neither are we. Bet on him or don't bet. Shorting is for blood leeching parasites from the biblical times,en,[],[],[],8,8,192,[],[],https://twitter.com/BowTiedBull/status/1477742322741915655,FALSE,https://twitter.com/Tesla/status/1477691175897341955,0,0,0,0,0,0,0,0,[],0,0,0,0,1
81,1.47768E+18,1.47768E+18,2022-01-02 11:30:13 Eastern Standard Time,1/2/2022,11:30:13,-400,1.14548E+18,tevoshabazz,Long Live Alexis,0,Mark has given us a full blown thesis on Tesla &amp; AMD every single quarter (even when the bears was giggling) and they have both played out to a T.. salute bro @iammarkmonroe,en,"[{'screen_name': 'iammarkmonroe', 'name': 'mark monroe', 'id': '95462706'}]",[],[],4,7,219,[],[],https://twitter.com/TevoShabazz/status/1477678626082639876,FALSE,0,0,0,0,0,0,0,0,0,[],0,0,0,0,1
82,1.47768E+18,1.47768E+18,2022-01-02 11:28:17 Eastern Standard Time,1/2/2022,11:28:17,-400,1.37205E+18,beniko26020660,Beniko Goto,0,"Wow 308k delivery?  Tesla exceeded most of the bulls including @TroyTeslike @TeslaPodcast, and @garyblack00 üòÖ  Everyone should be called a Tesla bear now üòÇ  https://t.co/j8kkqoqHHc",en,"[{'screen_name': 'troyteslike', 'name': 'troy teslike', 'id': '1002616999267262465'}, {'screen_name': 'teslapodcast', 'name': 'rob maurer', 'id': '898021206967951360'}, {'screen_name': 'garyblack00', 'name': 'gary black', 'id': '1161703589942878208'}]",[],['https://pbs.twimg.com/media/FIHEcDvUYAAvYnE.jpg'],7,10,154,[],[],https://twitter.com/Beniko26020660/status/1477678140633726978,FALSE,0,1,https://pbs.twimg.com/media/FIHEcDvUYAAvYnE.jpg,0,0,0,0,0,0,[],0,0,0,0,2
83,1.47758E+18,1.47758E+18,2022-01-02 05:00:28 Eastern Standard Time,1/2/2022,5:00:28,-400,7.12722E+17,heikki_bear,Heikki,0,How it started             How its Going (2017)                          (Dec 2021)  @tesla #tesla $tsla $tslaq @elonmusk  https://t.co/hGidA9st4b,en,"[{'screen_name': 'tesla', 'name': 'tesla', 'id': '13298072'}, {'screen_name': 'elonmusk', 'name': 'elon musk', 'id': '44196397'}]",[],"['https://pbs.twimg.com/media/FIFrWtLWUAUnsgb.jpg', 'https://pbs.twimg.com/media/FIFrhxaWQAAePHn.jpg']",11,14,125,['tesla'],"['tsla', 'tslaq']",https://twitter.com/heikki_bear/status/1477580542627520516,FALSE,0,1,https://pbs.twimg.com/media/FIFrWtLWUAUnsgb.jpg,0,0,0,0,0,0,[],0,0,0,0,1
84,1.47726E+18,1.47726E+18,2022-01-01 07:50:23 Eastern Standard Time,1/1/2022,7:50:23,-400,435266378,tslafanmtl,James Cat,0,"I think I should probably create a DCF model for Tesla in 2026. I have a rough one in my head, but maybe I'll put it on paper and share bull/bear cases with assigned probabilities.  2030 is too far, imo, and would be too inaccurate. But 5 yrs out feels right.  $TSLA",en,[],[],[],32,9,315,[],['tsla'],https://twitter.com/TSLAFanMtl/status/1477260918849421315,FALSE,0,0,0,0,0,0,0,0,0,[],0,0,0,0,1
85,1.47657E+18,1.47657E+18,2021-12-30 09:53:54 Eastern Standard Time,12/30/2021,9:53:54,-400,1.17643E+18,truth_tesla,Tesla Facts,0,"I agree with Gary &amp; I'll be less generous in my characterizarion: TSLA dropping by -3% due to a routine safety recall for issues Tesla already fixed, by -$30b, is farcical levels of market overreaction.  Looks more like an end-of-year bear raid than genuine selling by investors.",en,[],[],[],4,6,90,[],[],https://twitter.com/truth_tesla/status/1476567224764841992,FALSE,https://twitter.com/garyblack00/status/1476555214945722379,0,0,0,0,0,0,0,0,[],0,0,0,0,0
86,1.47655E+18,1.47655E+18,2021-12-30 08:46:43 Eastern Standard Time,12/30/2021,8:46:43,-400,9.30774E+17,squawksquare,squawksquare,0,Even biggest bear on $TSLA (Gordy) has a Q4 delivery estimate of 280K. Tesla is going to blow away the number once again. Earnings will surprise to upside once again. The bear thesis hasn't worked for some time. Tesla is doing everything they needed to warrant current valuation.  https://t.co/z1ZjUGsfLm,en,[],[],['https://pbs.twimg.com/tweet_video_thumb/FH3Cri_XwAAyGTa.jpg'],7,8,123,[],['tsla'],https://twitter.com/squawksquare/status/1476550319140188164,FALSE,0,1,https://pbs.twimg.com/tweet_video_thumb/FH3Cri_XwAAyGTa.jpg,0,0,0,0,0,0,[],0,0,0,0,2
87,1.47642E+18,1.47642E+18,2021-12-30 00:05:06 Eastern Standard Time,12/30/2021,0:05:06,-400,31263848,stevenmarkryan,stevenmarkryan,0, https://t.co/5ghKip6dU1 - DESTROYED: Tesla Bear Gets ROASTED On Live TV  NEW  $TSLA @Tesla #Tesla #TeslaStock  https://t.co/jcfZbiS9H4,en,"[{'screen_name': 'tesla', 'name': 'tesla', 'id': '13298072'}]",['https://youtu.be/eULplxPLa-s'],['https://pbs.twimg.com/media/FH1LNxgVQAMXdXC.jpg'],11,18,219,"['tesla', 'teslastock']",['tsla'],https://twitter.com/stevenmarkryan/status/1476419050158780420,FALSE,0,1,https://pbs.twimg.com/media/FH1LNxgVQAMXdXC.jpg,0,0,0,0,0,0,[],0,0,0,0,1
88,1.47617E+18,1.47617E+18,2021-12-29 07:51:28 Eastern Standard Time,12/29/2021,7:51:28,-400,404422077,squawkcnbc,Squawk Box,0,"""Tesla's valuation is for lack of a better word: absurd. For @Tesla at $1,000 to be represented in the valuation it needs to go from selling roughly 900,000 cars a year to 20M cars a year,"" says $TSLA bear @GordonJohnson19 on his outlook.  https://t.co/69JeShYk8P",en,"[{'screen_name': 'tesla', 'name': 'tesla', 'id': '13298072'}, {'screen_name': 'gordonjohnson19', 'name': 'gordon johnson', 'id': '1011205886'}]",[],[],112,66,296,[],['tsla'],https://twitter.com/SquawkCNBC/status/1476174024652857347,FALSE,0,1,https://pbs.twimg.com/media/FHxscubX0AASCc8.jpg,0,0,0,0,0,0,[],0,0,0,0,0
89,1.47615E+18,1.47615E+18,2021-12-29 06:26:17 Eastern Standard Time,12/29/2021,6:26:17,-400,1.32941E+18,jimjame74888138,Captain Jim James,0,"$TSLA  All these Tesla bears that said Elon selling stock was bad news. If he is done, is that good news?  Have you closed your shorts yet?  https://t.co/ge7oRBLmrs",en,[],[],['https://pbs.twimg.com/media/FHxY6gPWYAIVVhg.jpg'],13,20,252,[],['tsla'],https://twitter.com/JimJame74888138/status/1476152587862880257,FALSE,0,1,https://pbs.twimg.com/media/FHxY6gPWYAIVVhg.jpg,0,0,0,0,0,0,[],0,0,0,0,1
90,1.47478E+18,1.47478E+18,2021-12-25 11:27:20 Eastern Standard Time,12/25/2021,11:27:20,-400,1.03429E+18,phibetakitten,The Girl With the Mozart Tattoo,0,"üé∂ O Christmas Bear, O Christmas Bear Please don‚Äôt touch my Tesla! O Christmas Bear, O Christmas Bear Please don‚Äôt touch my Tesla! You come and visit every night, Your furry butt is quite a sight. O Christmas Bear, O Christmas Bear Please don‚Äôt touch my Tesla! üé∂  https://t.co/F61PDfq1Tc",en,[],[],[],20,12,244,[],[],https://twitter.com/phibetakitten/status/1474778801036877824,FALSE,0,1,https://pbs.twimg.com/ext_tw_video_thumb/1474778764345163776/pu/img/vvfy4VxkZ1ruE-_d.jpg,0,0,0,0,0,0,[],0,0,0,0,1
91,1.4737E+18,1.4737E+18,2021-12-22 12:01:34 Eastern Standard Time,12/22/2021,12:01:34,-400,1.35635E+18,lucidlcm,Joshua,0,"Understanding Tesla also helps you understand what‚Äôs going on with AMC/GME, and the power of the perma bear/bull. You can trade it almost as if you are a market maker.   Easily one of the most enjoyable stocks to trade!",en,[],[],[],12,10,191,[],[],https://twitter.com/LucidLCM/status/1473700251450097665,FALSE,0,0,0,0,0,0,0,0,0,[],0,0,0,0,1
92,1.47369E+18,1.47369E+18,2021-12-22 11:35:12 Eastern Standard Time,12/22/2021,11:35:12,-400,7.77339E+17,lordpente,"LordPente, the Viking Polymath",0,I would like to personally thank all the Tesla bears that were certain of $TSLA going to $500 a few days ago.,en,[],[],[],8,4,156,[],['tsla'],https://twitter.com/LordPente/status/1473693616048586766,FALSE,0,0,0,0,0,0,0,0,0,[],0,0,0,0,1
93,1.47303E+18,1.47303E+18,2021-12-20 15:33:16 Eastern Standard Time,12/20/2021,15:33:16,-400,1.10965E+18,helpertesla,Tesla Owner,0,Tesla bears: Tesla is no match for legacy auto  Legacy auto CEOs: Yes they are,en,[],[],[],0,2,75,[],[],https://twitter.com/HelperTesla/status/1473028751118278663,FALSE,https://twitter.com/WholeMarsBlog/status/1472888373551329286,0,0,0,0,0,0,0,0,[],0,0,0,0,1
94,1.47019E+18,1.47019E+18,2021-12-12 19:39:40 Eastern Standard Time,12/12/2021,19:39:40,-400,1908616248,bevedoni,Doniyor,0,$TSLA bears when:  - Tesla opens Berlin - Tesla open Texas - 4680 cells - Cybertruck ...  https://t.co/Fu35fT9ox3,nl,[],[],['https://pbs.twimg.com/media/FGcrO57X0AY3CcX.png'],27,35,370,[],['tsla'],https://twitter.com/bevedoni/status/1470191657429704707,FALSE,0,1,https://pbs.twimg.com/media/FGcrO57X0AY3CcX.png,0,0,0,0,0,0,[],0,0,0,0,1
95,1.46966E+18,1.46966E+18,2021-12-11 08:28:03 Eastern Standard Time,12/11/2021,8:28:03,-400,294548572,iamtomnash,Tom Nash,0,New job numbers data came out: every single Tesla bear or short seller is now unemployed.,en,[],[],[],20,16,647,[],[],https://twitter.com/iamtomnash/status/1469660251712626688,FALSE,0,0,0,0,0,0,0,0,0,[],0,0,0,0,1
96,1.46914E+18,1.46914E+18,2021-12-09 22:06:40 Eastern Standard Time,12/9/2021,22:06:40,-400,31263848,stevenmarkryan,stevenmarkryan,0, https://t.co/YMEeD9MqSI - Bear Accuses Tesla Of Epic FRAUD &amp; Expects COLLAPSE  NEW  $TSLA @Tesla #Tesla  https://t.co/j7HghoMmlS,en,"[{'screen_name': 'tesla', 'name': 'tesla', 'id': '13298072'}]",['https://youtu.be/5c7Es8J8a7w'],['https://pbs.twimg.com/media/FGNuyzyVkAQCjCV.jpg'],10,10,141,['tesla'],['tsla'],https://twitter.com/stevenmarkryan/status/1469141489083031558,FALSE,0,1,https://pbs.twimg.com/media/FGNuyzyVkAQCjCV.jpg,0,0,0,0,0,0,[],0,0,0,0,1
97,1.46788E+18,1.46788E+18,2021-12-06 10:39:07 Eastern Standard Time,12/6/2021,10:39:07,-400,18719020,hedgeye,Hedgeye,0,"Nov 9-13: Elon sells $6.9 Billion $TSLA stock near ATH  Nov 30: Tesla starts selling ""Cyberwhistle,"" Elon tweets ""Blow the whistle on Tesla!""  Dec 6: SEC opens investigation into whistleblower claims on Solar Panel defects, $TSLA drops and enters ""bear market""   WTF @GaryGensler",en,"[{'screen_name': 'garygensler', 'name': 'gary gensler', 'id': '1388216429988691972'}]",[],[],17,55,314,[],"['tsla', 'tsla']",https://twitter.com/Hedgeye/status/1467881296001122305,FALSE,0,0,0,0,0,0,0,0,0,[],0,0,0,0,0
98,1.46788E+18,1.46788E+18,2021-12-06 10:17:56 Eastern Standard Time,12/6/2021,10:17:56,-400,988955288,investingcom,Investing.com,0,"*TESLA FALLS 21% FROM NOV. 4 HIGH, SET TO CLOSE IN BEAR MARKET  $TSLA  https://t.co/AdR2BoR3vN",en,[],[],['https://pbs.twimg.com/tweet_video_thumb/FF7xZ9wWYAM6WRA.jpg'],12,30,208,[],['tsla'],https://twitter.com/Investingcom/status/1467875965028245506,FALSE,0,1,https://pbs.twimg.com/tweet_video_thumb/FF7xZ9wWYAM6WRA.jpg,0,0,0,0,0,0,[],0,0,0,0,0
99,1.46787E+18,1.46787E+18,2021-12-06 09:51:34 Eastern Standard Time,12/6/2021,9:51:34,-400,40129171,schuldensuehner,Holger Zschaepitz,0,#Tesla falls as much as 5.9% after Reuters¬†reported¬†the SEC opened an investigation into the EV company over whistle-blower claims on solar panel defects. Falls 21% from Nov4 high into BEAR MARKET.  https://t.co/IAafegVihF,en,[],[],['https://pbs.twimg.com/media/FF7rTByXoAY1k6A.png'],7,84,186,['tesla'],[],https://twitter.com/Schuldensuehner/status/1467869330771742722,FALSE,0,1,https://pbs.twimg.com/media/FF7rTByXoAY1k6A.png,0,0,0,0,0,0,[],0,0,0,0,0
100,1.46787E+18,1.46787E+18,2021-12-06 09:47:04 Eastern Standard Time,12/6/2021,9:47:04,-400,18856867,zerohedge,zerohedge,0,"*TESLA FALLS 21% FROM NOV. 4 HIGH, SET TO CLOSE IN BEAR MARKET",en,[],[],[],25,58,435,[],[],https://twitter.com/zerohedge/status/1467868195369406474,FALSE,0,0,0,0,0,0,0,0,0,[],0,0,0,0,0
101,1.4668E+18,1.4668E+18,2021-12-03 11:04:55 Eastern Standard Time,12/3/2021,11:04:55,-400,345525945,tictoctick,emini tic,0,Tesla I became bear üêª yesterday at 1085 now stock is 1035  My target is 990  $TSLA,en,[],[],[],18,5,107,[],['tsla'],https://twitter.com/TicTocTick/status/1466800626902261761,FALSE,0,0,0,0,0,0,0,0,0,[],0,0,0,0,0
102,1.4641E+18,1.4641E+18,2021-11-26 00:33:14 Eastern Standard Time,11/26/2021,0:33:14,-400,1.01606E+18,teslaownerssv,Tesla Owners Silicon Valley,0,"This is China's Cybertruck ""clone."" ü§®Look EF-1-T bears a striking resemblance to the Tesla Cybertruck.   https://t.co/jXsUsMaCQw (please, subscribe to @TorqueNewsAuto for daily Tesla discussions)  https://t.co/gVBfXAOkpq",en,"[{'screen_name': 'torquenewsauto', 'name': 'torque news', 'id': '215109001'}]",['https://www.torquenews.com/1/cybertrucks-clone-chinas-ef-1-t-bears-striking-resemblance-tesla-cybertruck'],['https://pbs.twimg.com/media/FFGLrzSVkAQPXi2.jpg'],36,20,166,[],[],https://twitter.com/teslaownersSV/status/1464104940566028294,FALSE,0,1,https://pbs.twimg.com/media/FFGLrzSVkAQPXi2.jpg,0,0,0,0,0,0,[],0,0,0,0,1
103,1.46362E+18,1.46362E+18,2021-11-24 16:37:29 Eastern Standard Time,11/24/2021,16:37:29,-400,435266378,tslafanmtl,James Cat,0,"Lol @ $TSLA bears comparing $RIVN valuation bubble to Tesla's valuation.  At $100B, Tesla had just come off a yr where they sold 370k EVs, and had a few profitable quarters under their belt. Not to mention the launch of Giga Shanghai, Model Y, etc.  Not comparable.",en,[],[],[],6,8,163,[],"['tsla', 'rivn']",https://twitter.com/TSLAFanMtl/status/1463622828415143942,FALSE,0,0,0,0,0,0,0,0,0,[],0,0,0,0,1
104,1.46176E+18,1.46176E+18,2021-11-19 13:23:28 Eastern Standard Time,11/19/2021,13:23:28,-400,572141511,suburbandrone,Mac10,0,"The top market risks right now are EMs, Tesla/EVs, Cryptos, Semis, Mega Caps, and...  Massively leveraged Millennials who started investing in the largest bubble in human history, and believe that bear markets are ancient mythology.  2021 Year Of Ponzi:  https://t.co/tmbQPZYXyi",en,[],[],['https://pbs.twimg.com/media/FEk4UdKXMAE34yT.png'],12,36,185,[],[],https://twitter.com/SuburbanDrone/status/1461762062401609736,FALSE,0,1,https://pbs.twimg.com/media/FEk4UdKXMAE34yT.png,0,0,0,0,0,0,[],0,0,0,0,1
105,1.46124E+18,1.46124E+18,2021-11-18 02:57:44 Eastern Standard Time,11/18/2021,2:57:44,-400,9.21721E+17,sydney_ev,üîãSydEV üåøüíß #Solar #batteries sustainability.,0,When a drop bear attacks a #tesla!  Exclusive #sentry camera footage! #dropbear  #koala. @elonmusk @_TeslaTom @TeslaGong @TeslaStraya  @teslaownersau  @DoctorKarl  https://t.co/RnHkpPWeKF,en,"[{'screen_name': 'elonmusk', 'name': 'elon musk', 'id': '44196397'}, {'screen_name': 'teslagong', 'name': 'tesla in the gong üá¶üá∫ü¶òü§ñüöï', 'id': '1008296232261783552'}, {'screen_name': 'teslastraya', 'name': 'teslastraya', 'id': '1076276451471585280'}, {'screen_name': 'teslaownersau', 'name': 'tesla owners club australia [official]', 'id': '731657202323329024'}, {'screen_name': 'doctorkarl', 'name': 'dr karl', 'id': '21147300'}]",[],[],9,12,66,"['tesla', 'sentry', 'dropbear', 'koala']",[],https://twitter.com/sydney_ev/status/1461242203036999683,FALSE,0,1,https://pbs.twimg.com/ext_tw_video_thumb/1461241568241717252/pu/img/KBrHXk4m58zULSig.jpg,0,0,0,0,0,0,[],0,0,0,0,1
106,1.46104E+18,1.46104E+18,2021-11-17 13:37:33 Eastern Standard Time,11/17/2021,13:37:33,-400,9.98141E+17,28delayslater,üá∫üá¶ ü¶ä Earl of FrunkPuppy üá∫üá¶,0,Tesla's Stock Split Is a Game-Over Moment for Wall Street Bears  https://t.co/AZGwtuxMuC,en,[],['https://www.businessinsider.com/teslas-stock-split-a-game-over-for-wall-street-bears-2020-8'],[],23,29,310,[],[],https://twitter.com/28delayslater/status/1461040832170151938,FALSE,0,0,0,0,0,0,0,0,0,[],0,0,0,0,2
107,1.46071E+18,1.46071E+18,2021-11-16 15:40:45 Eastern Standard Time,11/16/2021,15:40:45,-400,294548572,iamtomnash,Tom Nash,0,Have a look at Michael Burry‚Äôs latest 13F. You will find that he closed his Tesla short and his ARK short. Is this your king $TSLA bears?,en,[],[],[],58,72,1144,[],['tsla'],https://twitter.com/iamtomnash/status/1460709447123279892,FALSE,0,0,0,0,0,0,0,0,0,[],0,0,0,0,1
108,1.46028E+18,1.46027E+18,2021-11-15 11:01:13 Eastern Standard Time,11/15/2021,11:01:13,-400,2725104191,kylascan,Kyla Scanlon,0,"@RampCapitalLLC when speaking about Tesla, we don't say bear market, we say on sale ‚ùåüò§‚úã‚ùå",en,[],[],[],7,4,183,[],[],https://twitter.com/kylascan/status/1460276714374762497,FALSE,0,0,0,0,0,0,0,0,0,"[{'screen_name': 'RampCapitalLLC', 'name': 'Ramp Capital', 'id': '2214652482'}]",0,0,0,0,1
109,1.46027E+18,1.46027E+18,2021-11-15 10:26:20 Eastern Standard Time,11/15/2021,10:26:20,-400,18856867,zerohedge,zerohedge,0,"Tesla Enters Bear Market As Michael Burry Says Musk ""Doesn't Need Cash, He Just Wants To Sell""  https://t.co/ZMuOTJ8tXX",en,[],['https://www.zerohedge.com/markets/tesla-slides-musk-threatens-sell-more-stock-michael-burry-says-he-doesnt-need-cash-he-just'],[],29,56,346,[],[],https://twitter.com/zerohedge/status/1460267931821039624,FALSE,0,0,0,0,0,0,0,0,0,[],0,0,0,0,0
110,1.45971E+18,1.45971E+18,2021-11-13 21:38:58 Eastern Standard Time,11/13/2021,21:38:58,-400,23371841,elleprovocateur,Cory Morningstar,0,"Nov 3, 2021: ""Alphabet, Apple, Dell, Microsoft &amp; Tesla won‚Äôt have to face a class action suit claiming the tech giants bear responsibility for the alleged use of child labour in #Congo to mine cobalt""  #GreatReset  #StakeholderCapitalism  #COP26   https://t.co/gWNh7NpQkz  https://t.co/u6lC5cRNRJ",en,[],['https://www.mining.com/tesla-apple-google-microsoft-dodge-congo-cobalt-class-action/'],['https://pbs.twimg.com/media/FEHwga_WQAEa-3W.jpg'],2,60,82,"['congo', 'greatreset', 'stakeholdercapitalism', 'cop26']",[],https://twitter.com/elleprovocateur/status/1459712429731069954,FALSE,https://twitter.com/_whitneywebb/status/1459134440001650708,1,https://pbs.twimg.com/media/FEHwga_WQAEa-3W.jpg,0,0,0,0,0,0,[],0,0,0,0,1
111,1.4593E+18,1.4593E+18,2021-11-12 18:20:41 Eastern Standard Time,11/12/2021,18:20:41,-400,9.85244E+17,teslaconomics,Teslaconomics,0,"People should NOT discount the fact that Elon could come out this weekend and say he‚Äôs done selling for this year for tax and will continue at a later date.   And o yea, Berlin &amp; Texas factory are live.  And o yea, a stock split coming.  Bears will burn. üêª üî•   $TSLA #Tesla",en,[],[],[],19,13,279,['tesla'],['tsla'],https://twitter.com/Teslaconomics/status/1459300144734621698,FALSE,0,0,0,0,0,0,0,0,0,[],0,0,0,0,1
112,1.4593E+18,1.4593E+18,2021-11-12 18:06:49 Eastern Standard Time,11/12/2021,18:06:49,-400,9.85244E+17,teslaconomics,Teslaconomics,0,Is Elon Musk setting up the biggest bear trap in recent history?  $TSLA #Tesla,en,[],[],[],88,40,1142,['tesla'],['tsla'],https://twitter.com/Teslaconomics/status/1459296654532640771,FALSE,0,0,0,0,0,0,0,0,0,[],0,0,0,0,1
113,1.45877E+18,1.45877E+18,2021-11-11 07:01:08 Eastern Standard Time,11/11/2021,7:01:08,-400,1.08235E+18,divestech,Dan Ives,0,"We would rather Musk rip the band-aid off now and sell this portion of stock (10% Tesla stake) quickly rather than it lingering over the next year and feeding into any non- fundamental bear thesis on the story. Fundamentally speaking, Tesla remains in pole position on EV‚Äôs.",en,[],[],[],41,60,856,[],[],https://twitter.com/DivesTech/status/1458766742025650178,FALSE,0,0,0,0,0,0,0,0,0,[],0,0,0,0,1
114,1.45828E+18,1.45828E+18,2021-11-09 22:42:04 Eastern Standard Time,11/9/2021,22:42:04,-400,2337692699,holgerdanske9,Mathias F√∏ns,0,"Is Elon Musk done selling 10% of his Tesla stake?  With Tesla being down 12% today, that's the question on most Tesla bull or bears' mind.  My guess; no.  Here's why:",en,[],[],[],10,31,126,[],[],https://twitter.com/Holgerdanske9/status/1458278760520765441,FALSE,0,0,0,0,0,0,0,0,0,[],0,0,0,0,0
115,1.45827E+18,1.4582E+18,2021-11-09 22:18:31 Eastern Standard Time,11/9/2021,22:18:31,-400,1.17643E+18,truth_tesla,Tesla Facts,0,"@AswathDamodaran Professor Damodaran, I'd like to thank you for your honesty, for admitting that you were wrong about Tesla &amp; for your self-reflection. Not a common trait among Tesla bears. I'm a long-time fan of your ""Musings on Markets"" blog - while disagreeing with your Tesla thesis. üôÉ  1/",en,[],[],[],4,13,125,[],[],https://twitter.com/truth_tesla/status/1458272834745159685,FALSE,0,0,0,0,0,0,0,0,0,"[{'screen_name': 'AswathDamodaran', 'name': 'Aswath Damodaran', 'id': '33216611'}]",0,0,0,0,1
116,1.45822E+18,1.45822E+18,2021-11-09 18:31:06 Eastern Standard Time,11/9/2021,18:31:06,-400,572141511,suburbandrone,Mac10,0,Tesla is already down almost -20% which is a bear market. An Exxon worth of market cap ~$250b has been vapourized in two days. This decline is faster than the one.  The breakout gap looms (same level as 50 dma).  After that bulls will realize this was a massive fakeout.  https://t.co/Pupk4jbQW1,en,[],[],['https://pbs.twimg.com/media/FDyfAumXIAscGaY.jpg'],6,8,92,[],[],https://twitter.com/SuburbanDrone/status/1458215600308854785,FALSE,0,1,https://pbs.twimg.com/media/FDyfAumXIAscGaY.jpg,0,0,0,0,0,0,[],0,0,0,0,0
117,1.4575E+18,1.4575E+18,2021-11-07 18:58:03 Eastern Standard Time,11/7/2021,18:58:03,-400,31263848,stevenmarkryan,stevenmarkryan,0,"Bloody Dan Ives chasing my $TSLA bull case price target. Not quite there yet though, DAN üòâ  Access my Tesla price targets (bear, base &amp; bull case) over next 10 years here:  https://t.co/SZfFF4fl2A",en,[],['https://www.patreon.com/posts/tesla-stock-bull-57460691'],[],18,19,421,[],['tsla'],https://twitter.com/stevenmarkryan/status/1457497607048089602,FALSE,https://twitter.com/SawyerMerritt/status/1457492824568500224,0,0,0,0,0,0,0,0,[],0,0,0,0,1
118,1.45699E+18,1.45699E+18,2021-11-06 10:01:30 Eastern Daylight Time,11/6/2021,10:01:30,-400,435266378,tslafanmtl,James Cat,0,Bear's go-to valuation method for Tesla is by comparing to legacy auto market cap.  Kind of like how Amazon bears compared Amazon to Sears in 2001.  Winning method.,en,[],[],[],13,6,143,[],[],https://twitter.com/TSLAFanMtl/status/1456985093352865800,FALSE,0,0,0,0,0,0,0,0,0,[],0,0,0,0,1
119,1.45657E+18,1.45657E+18,2021-11-05 06:43:25 Eastern Daylight Time,11/5/2021,6:43:25,-400,8.97596E+17,stekkerauto,ùöúùöùùöéùöîùöîùöéùöõbot üöó‚ö°Ô∏è,0,@garyblack00 ‚ÄúThe sound of Tesla bears wailing and gnashing their teeth is audible from 50 paces.‚Äù - love it üòÇ $TSLA,en,[],[],[],1,5,139,[],['tsla'],https://twitter.com/stekkerauto/status/1456572854573600769,FALSE,0,0,0,0,0,0,0,0,0,"[{'screen_name': 'garyblack00', 'name': 'Gary Black', 'id': '1161703589942878208'}]",0,0,0,0,1
120,1.45645E+18,1.45645E+18,2021-11-04 22:27:04 Eastern Daylight Time,11/4/2021,22:27:04,-400,435266378,tslafanmtl,James Cat,0,...and bears question Tesla demand.  DUDES. They still haven't even introduced a SR RWD Model Y anywhere outside of China.  Model Y sales will EXPLODE in 2022.  $TSLA,en,[],[],[],3,5,102,[],['tsla'],https://twitter.com/TSLAFanMtl/status/1456447946803879937,FALSE,https://twitter.com/SawyerMerritt/status/1456446387424534535,0,0,0,0,0,0,0,0,[],0,0,0,0,1
121,1.45639E+18,1.45639E+18,2021-11-04 18:21:27 Eastern Daylight Time,11/4/2021,18:21:27,-400,54094700,jchybow,Tesla Bot Pilot üá∫üá¶ü¶äüõ©üá∫üá¶,0,"$TSLA could tank to $600 tomorrow, and the bulls would see it as the buying opportunity of a lifetime. This is what the bears don‚Äôt understand. Tesla is going to make it. Period, dot, end transmission.",en,[],[],[],87,114,1958,[],['tsla'],https://twitter.com/jchybow/status/1456386136193048578,FALSE,0,0,0,0,0,0,0,0,0,[],0,0,0,0,0
122,1.45594E+18,1.45594E+18,2021-11-03 12:59:13 Eastern Daylight Time,11/3/2021,12:59:13,-400,1.26537E+18,nizzynft,Nizzyüçå,0,Accidentally bought a new Tesla during the bull market that I can no longer comfortably afford now that were in a bear lmfao and its coming next week fml ü§¶üèª‚Äç‚ôÇÔ∏èü§¶üèª‚Äç‚ôÇÔ∏èü§¶üèª‚Äç‚ôÇÔ∏è  So how's your day going?,en,[],[],[],15,2,77,[],[],https://twitter.com/NizzyNFT/status/1455942654668251136,FALSE,0,0,0,0,0,0,0,0,0,[],0,0,0,0,1
123,1.45573E+18,1.45573E+18,2021-11-02 22:59:48 Eastern Daylight Time,11/2/2021,22:59:48,-400,8.14964E+17,dollarsanddata,Nick Maggiulli,0,I love how both the Tesla bulls and the Tesla bears agree with this tweet based on their own interpretation of the word ‚Äúdreams.‚Äù  Confirmation bias 101,en,[],[],[],16,16,213,[],[],https://twitter.com/dollarsanddata/status/1455731407339331588,FALSE,https://twitter.com/dollarsanddata/status/1455644613046423555,0,0,0,0,0,0,0,0,[],0,0,0,0,1
124,1.45536E+18,1.45536E+18,2021-11-01 22:21:08 Eastern Daylight Time,11/1/2021,22:21:08,-400,31263848,stevenmarkryan,stevenmarkryan,0,"Just posted a BIG update to Tesla price targets (Bear, Base &amp; Bull) out to 2031:  https://t.co/szeMRF8Hmn  $TSLA",en,[],['https://www.patreon.com/posts/57460691'],[],14,4,118,[],['tsla'],https://twitter.com/stevenmarkryan/status/1455359290076663808,FALSE,0,0,0,0,0,0,0,0,0,[],0,0,0,0,1
125,1.45534E+18,1.45534E+18,2021-11-01 21:16:11 Eastern Daylight Time,11/1/2021,21:16:11,-400,1.23823E+18,logan_jh1,MasterTrader,0,"TSLA melt up about to begin. Very undervalued according to the masters projection for 2040 sales as Tesla dominates the rental car and insurance industries. Price target of 10,000 coming in short order. Dumb bears are going to miss it while MasterTrader grows even more richer.",en,[],[],[],43,13,283,[],[],https://twitter.com/Logan_JH1/status/1455342943951200258,FALSE,0,0,0,0,0,0,0,0,0,[],0,0,0,0,2
126,1.45509E+18,1.45509E+18,2021-11-01 04:38:15 Eastern Daylight Time,11/1/2021,4:38:15,-400,1.33871E+18,realwillybot,Mt.Gox‚Äôed,0,Any Tesla bears still standing with me?,en,[],[],[],37,1,103,[],[],https://twitter.com/RealWillyBot/status/1455091807533113344,FALSE,0,0,0,0,0,0,0,0,0,[],0,0,0,0,1
127,1.45444E+18,1.45444E+18,2021-10-30 09:46:30 Eastern Daylight Time,10/30/2021,9:46:30,-400,1.27443E+18,vigtheapp,vig.io,0,Tesla bears in hibernation mode  https://t.co/urxNII1w43,fr,[],[],['https://pbs.twimg.com/media/FC85p7JXMAYzOsD.jpg'],6,35,417,[],[],https://twitter.com/vigtheapp/status/1454444602677661709,FALSE,0,1,https://pbs.twimg.com/media/FC85p7JXMAYzOsD.jpg,0,0,0,0,0,0,[],0,0,0,0,1
128,1.45429E+18,1.45429E+18,2021-10-29 23:45:44 Eastern Daylight Time,10/29/2021,23:45:44,-400,31263848,stevenmarkryan,stevenmarkryan,0," https://t.co/t4z0BJjq0y - Tesla‚Äôs ALL TIME HIGH, $2.5 Trillion SOON, Bear's ButtHertz  NEW  $TSLA @Tesla #Tesla #TSLA @elonmusk  https://t.co/DhVg9U7QAv",en,"[{'screen_name': 'tesla', 'name': 'tesla', 'id': '13298072'}, {'screen_name': 'elonmusk', 'name': 'elon musk', 'id': '44196397'}]",['https://youtu.be/cMz_bQkGvXU'],['https://pbs.twimg.com/media/FC6v4sfVQAEu5AF.jpg'],12,10,233,"['tesla', 'tsla']",['tsla'],https://twitter.com/stevenmarkryan/status/1454293416754352128,FALSE,0,1,https://pbs.twimg.com/media/FC6v4sfVQAEu5AF.jpg,0,0,0,0,0,0,[],0,0,0,0,2
129,1.45412E+18,1.45412E+18,2021-10-29 12:00:19 Eastern Daylight Time,10/29/2021,12:00:19,-400,9.85244E+17,teslaconomics,Teslaconomics,0,It‚Äôs going to be a battle at $1100s between the bulls &amp; bears today.   ü§úüî•ü§õ  $TSLA #Tesla,en,[],[],[],11,9,131,['tesla'],['tsla'],https://twitter.com/Teslaconomics/status/1454115892309086208,FALSE,0,0,0,0,0,0,0,0,0,[],0,0,0,0,1
130,1.45409E+18,1.45409E+18,2021-10-29 10:23:27 Eastern Daylight Time,10/29/2021,10:23:27,-400,339061487,apompliano,Pomp üå™,0,Tesla continues to hit all-time high stock prices.  The bears and short sellers are in disbelief.,en,[],[],[],191,126,2024,[],[],https://twitter.com/APompliano/status/1454091512988540936,FALSE,0,0,0,0,0,0,0,0,0,[],0,0,0,0,2
131,1.45402E+18,1.45402E+18,2021-10-29 05:46:50 Eastern Daylight Time,10/29/2021,5:46:50,-400,31263848,stevenmarkryan,stevenmarkryan,0,"Made big changes to my Tesla valuation model today, and price targets (bear, base, bull out to 2031) have been updated accordingly:  https://t.co/szeMRF8Hmn  $TSLA",en,[],['https://www.patreon.com/posts/57460691'],[],8,1,147,[],['tsla'],https://twitter.com/stevenmarkryan/status/1454021902683422722,FALSE,0,0,0,0,0,0,0,0,0,[],0,0,0,0,1
132,1.45374E+18,1.45374E+18,2021-10-28 10:59:08 Eastern Daylight Time,10/28/2021,10:59:08,-400,757033212,bowtiedbull,BowTiedBull - Read Pinned Tweet or NGMI,0,"Wen crypto hits price discovery like $Tsla it will get so ugly that Tesla bears will look smart.  The people who didn‚Äôt participate will be dead on the inside, unrecognizable, like after going through war level trauma.  Won‚Äôt be respected by his kids.  You were warned.",en,[],[],[],14,29,324,[],['tsla'],https://twitter.com/BowTiedBull/status/1453738106062966785,FALSE,0,0,0,0,0,0,0,0,0,[],0,0,0,0,1
133,1.45281E+18,1.45281E+18,2021-10-25 21:20:42 Eastern Daylight Time,10/25/2021,21:20:42,-400,23847960,realmeetkevin,Meet Kevin,0,"Funny how every time Tesla skyrockets to new highs, perma-bear, weenie-baby Michael Burry deletes his Twitter.   PS: I‚Äôm still blocked by him because I sent him an üçÜ",en,[],[],[],112,65,1744,[],[],https://twitter.com/realMeetKevin/status/1452807366240473088,FALSE,0,0,0,0,0,0,0,0,0,[],0,0,0,0,2
134,1.45277E+18,1.45277E+18,2021-10-25 18:54:21 Eastern Daylight Time,10/25/2021,18:54:21,-400,30325257,thecryptolark,Lark Davis,0,"Michael Burry shorted both #bitcoin and #tesla... some people just like pain  Had he gone long he would have made so much money, sadly his identity is tied to being a bear. Dangerous mind set IMO",en,[],[],[],153,110,1784,"['bitcoin', 'tesla']",[],https://twitter.com/TheCryptoLark/status/1452770536103112710,FALSE,0,0,0,0,0,0,0,0,0,[],0,0,0,0,1
135,1.45275E+18,1.45275E+18,2021-10-25 17:47:26 Eastern Daylight Time,10/25/2021,17:47:26,-400,1236101,benedictevans,Benedict Evans,0,Tesla bulls think it‚Äôs a software company. Tesla bears think it‚Äôs a car company. Check back in 5 years to see who was right.,en,[],[],[],208,111,1278,[],[],https://twitter.com/benedictevans/status/1452753695033204742,FALSE,0,0,0,0,0,0,0,0,0,[],0,0,0,0,1
136,1.45274E+18,1.45274E+18,2021-10-25 16:36:14 Eastern Daylight Time,10/25/2021,16:36:14,-400,3027970893,alessiourban,üÖ∞üÖªüÖ¥üÜÇüÜÇüÖ∏üÖæ,0,this market is easy to manipulate.. low volumes and all liquidity comes from options.. tesla has been manipulated to reach this level.. this is not question of being bulls/bears this is real wall street mafia,en,[],[],[],5,16,170,[],[],https://twitter.com/AlessioUrban/status/1452735777717293063,FALSE,0,0,0,0,0,0,0,0,0,[],0,0,0,0,1
137,1.45271E+18,1.45271E+18,2021-10-25 14:43:36 Eastern Daylight Time,10/25/2021,14:43:36,-400,1.03461E+18,deansheikh1,Dean Sheikh,0,"Tesla has gained nearly an entire VW Group today alone.  When this entire market breaks, it's going to be very ugly for a very, very long time.  The next bear market will not be 1-2 years.  It will be 10-20.  #TimeVaultThingy",en,[],[],[],16,11,109,['timevaultthingy'],[],https://twitter.com/DeanSheikh1/status/1452707430203154438,FALSE,0,0,0,0,0,0,0,0,0,[],0,0,0,0,2
138,1.4527E+18,1.4527E+18,2021-10-25 14:11:35 Eastern Daylight Time,10/25/2021,14:11:35,-400,435266378,tslafanmtl,James Cat,0,"BREAKING = A TESLA BEAR FINALLY SAYS THE WORDS ""I WAS WRONG.""",en,[],[],[],26,15,198,[],[],https://twitter.com/TSLAFanMtl/status/1452699375810105347,FALSE,https://twitter.com/Lipsytee/status/1452698918232416260,0,0,0,0,0,0,0,0,[],0,0,0,0,2
139,1.45247E+18,1.45247E+18,2021-10-24 23:07:16 Eastern Daylight Time,10/24/2021,23:07:16,-400,31263848,stevenmarkryan,stevenmarkryan,0, https://t.co/xCIzHohiFY - All Time High: Tesla Bears Are FLIPPING As Bulls Turn HYPER  NEW  $TSLA @Tesla #Tesla #ArkInvest  https://t.co/sY7hRVJwsA,en,"[{'screen_name': 'tesla', 'name': 'tesla', 'id': '13298072'}]",['https://youtu.be/R26xasFU0KU'],['https://pbs.twimg.com/media/FCg3OI-VkAINAzM.jpg'],5,8,188,"['tesla', 'arkinvest']",['tsla'],https://twitter.com/stevenmarkryan/status/1452471795848605698,FALSE,0,1,https://pbs.twimg.com/media/FCg3OI-VkAINAzM.jpg,0,0,0,0,0,0,[],0,0,0,0,2
140,1.45147E+18,1.45147E+18,2021-10-22 05:00:07 Eastern Daylight Time,10/22/2021,5:00:07,-400,1.26349E+18,wholemarsblog,Whole Mars Catalog,0,"Tesla will never be profitable? They‚Äôre more profitable than they‚Äôve ever been.   But not without regulatory credits? Well, they did that too.   China sales collapsing? No, Model Y is a hit. 4680 &amp; FSD rolling out as planned   Even the bears have to admit, Tesla is executing.",en,[],[],[],10,21,246,[],[],https://twitter.com/WholeMarsBlog/status/1451473430092541964,FALSE,0,0,0,0,0,0,0,0,0,[],0,0,0,0,2
141,1.4512E+18,1.4512E+18,2021-10-21 10:43:18 Eastern Daylight Time,10/21/2021,10:43:18,-400,435266378,tslafanmtl,James Cat,0,"When we hit $900 earlier in the year, there was a lot of froth. $TSLA bears felt vindicated when it dropped down to $550. But now, 6 months later, we're back and Tesla's outlook/performance keeps getting better. This is a good opportunity for some bearish self-reflection.",en,[],[],[],24,20,465,[],['tsla'],https://twitter.com/TSLAFanMtl/status/1451197406352080921,FALSE,0,0,0,0,0,0,0,0,0,[],0,0,0,0,2
142,1.45119E+18,1.45119E+18,2021-10-21 10:27:25 Eastern Daylight Time,10/21/2021,10:27:25,-400,2918858193,anthonyohayon,AO,0,"I ask again: Are there any $TSLA bears left?  You‚Äôre betting against a guy multiples more intelligent than you or I, incredibly apt at successfully innovating, and the king of flipping the most difficult industries on their heads.   g fcking g. Short Tesla is short brain cells.",en,[],[],[],11,9,93,[],['tsla'],https://twitter.com/AnthonyOhayon/status/1451193408731504648,FALSE,0,0,0,0,0,0,0,0,0,[],0,0,0,0,1
143,1.45099E+18,1.45099E+18,2021-10-20 20:47:19 Eastern Daylight Time,10/20/2021,20:47:19,-400,9.98141E+17,28delayslater,üá∫üá¶ ü¶ä Earl of FrunkPuppy üá∫üá¶,0,"After Tesla overcame their production incompetence, the company flourished. It was clear that the bear case was wrong. Legacy didn‚Äôt crush tesla. Demand is high in a growing EV market. Tesla is profitable and growing at 50+% per year.  High profile bears were wrong. Tesla won.",en,[],[],[],14,14,322,[],[],https://twitter.com/28delayslater/status/1450987025113489412,FALSE,0,0,0,0,0,0,0,0,0,[],0,0,0,0,2
144,1.45099E+18,1.45099E+18,2021-10-20 20:47:19 Eastern Daylight Time,10/20/2021,20:47:19,-400,9.98141E+17,28delayslater,üá∫üá¶ ü¶ä Earl of FrunkPuppy üá∫üá¶,0,4/5 so the bear thesis was that Tesla had the market to themselves but legacy would arrive and demand would instantly plummet for tesla. Tesla should stick to high end niche. Tesla has no advantages. The EV market won‚Äôt grow. Teslas are only bought by crazy fans.,en,[],[],[],3,6,195,[],[],https://twitter.com/28delayslater/status/1450987023867826185,FALSE,0,0,0,0,0,0,0,0,0,[],0,0,0,0,1
145,1.45092E+18,1.45092E+18,2021-10-20 16:26:52 Eastern Daylight Time,10/20/2021,16:26:52,-400,435266378,tslafanmtl,James Cat,0,$TSLA posting massive profit numbers and % of profit driven by reg credits are falling fast. Only 17% of total profit this Q.   Where are the bears that claimed Tesla can't post profit ex credits?,en,[],[],[],9,7,115,[],['tsla'],https://twitter.com/TSLAFanMtl/status/1450921481576370184,FALSE,0,0,0,0,0,0,0,0,0,[],0,0,0,0,2
146,1.44979E+18,1.44979E+18,2021-10-17 13:46:51 Eastern Daylight Time,10/17/2021,13:46:51,-400,1.09141E+18,fermissocks,Fermi's Pair of Socks,0,I still haven‚Äôt seen many #TSLA bulls (or bears) realize that building a mega pack factory is an extremely bullish sign for Tesla‚Äôs planned battery supply.,en,[],[],[],9,4,70,['tsla'],[],https://twitter.com/FermisSocks/status/1449794047254609921,FALSE,0,0,0,0,0,0,0,0,0,[],0,0,0,0,2
147,1.44941E+18,1.44941E+18,2021-10-16 12:01:36 Eastern Daylight Time,10/16/2021,12:01:36,-400,1308211178,teslarati,TESLARATI,0,"Tesla bear Michael Burry ditches bet against $TSLA, says 'media inflated' the situation  https://t.co/09asKBFeCT by @KlenderJoey",en,"[{'screen_name': 'klenderjoey', 'name': 'joey klender üá∫üá¶', 'id': '1166039075847114752'}]",['https://www.teslarati.com/tesla-tsla-michael-burry-ditches-tsla-bet-media-inflated-situation/'],[],32,35,520,[],['tsla'],https://twitter.com/Teslarati/status/1449405171935715329,FALSE,0,0,0,0,0,0,0,0,0,[],0,0,0,0,1
148,1.44938E+18,1.44938E+18,2021-10-16 10:04:22 Eastern Daylight Time,10/16/2021,10:04:22,-400,1.43933E+18,dailadoteth,‚ú®Daila.eth‚ú®,0,"I‚Äôve been preaching the gospel of $btc and $ltc forever, I‚Äôve been telling everyone I know for over a year to invest in @Tesla either in a vehicle or $tsla. Now I‚Äôm telling you: DO NOT SLEEP ON @SappySealsNFT. Unreal moves in this bear market. Stay woke üìà",en,"[{'screen_name': 'tesla', 'name': 'tesla', 'id': '13298072'}, {'screen_name': 'sappysealsnft', 'name': 'sappy seals nft', 'id': '1427280318034235402'}]",[],[],11,17,64,[],"['btc', 'ltc', 'tsla']",https://twitter.com/DailaDotEth/status/1449375670543523842,FALSE,https://twitter.com/NFTzyBoi/status/1449262577058414596,0,0,0,0,0,0,0,0,[],0,0,0,0,1
149,1.44918E+18,1.44918E+18,2021-10-15 21:01:49 Eastern Daylight Time,10/15/2021,21:01:49,-400,9.98472E+17,koguanleo,KoGuan Leo,0,"We are Tesla bulls; we collect Tesla crumbs. We turn your crumbs into delicious crumb cakes. Tesla bears, please spare us your crumbs. Drooling, we exchange our pennies with your crumbs. We are dreamers, we dream what could be‚Ä¶.",en,[],[],[],14,17,196,[],[],https://twitter.com/KoguanLeo/status/1449178735261806595,FALSE,https://twitter.com/KoguanLeo/status/1448824643289108486,0,0,0,0,0,0,0,0,[],0,0,0,0,1
150,1.44915E+18,1.44915E+18,2021-10-15 19:20:29 Eastern Daylight Time,10/15/2021,19:20:29,-400,1689516060,vincent13031925,vincentyu.eth,0,Tesla $TSLA Bear Michael Burry AKA ‚ÄòThe Big Short‚Äô Got Squeezed   https://t.co/yL5haLXiob,en,[],['https://www.tesmanian.com/blogs/tesmanian-blog/tesla-bear-michael-burry-aka-the-big-shorts-got-squeezed'],[],55,61,826,[],['tsla'],https://twitter.com/vincent13031925/status/1449153235193786369,FALSE,0,0,0,0,0,0,0,0,0,[],0,0,0,0,1
151,1.44915E+18,1.44915E+18,2021-10-15 19:15:55 Eastern Daylight Time,10/15/2021,19:15:55,-400,9.59471E+17,evafoxu,Eva Fox Áãêü¶ä‚ù§Ô∏èüá∫üá¶,0,Tesla Bear Michael Burry AKA ‚ÄòThe Big Short‚Äô Got Squeezed  #Tesla $TSLA  https://t.co/OLSuzVJ3GV,en,[],['https://www.tesmanian.com/blogs/tesmanian-blog/tesla-bear-michael-burry-aka-the-big-shorts-got-squeezed'],[],15,18,143,['tesla'],['tsla'],https://twitter.com/EvaFoxU/status/1449152084859891719,FALSE,0,0,0,0,0,0,0,0,0,[],0,0,0,0,1
152,1.44877E+18,1.44877E+18,2021-10-14 18:13:57 Eastern Daylight Time,10/14/2021,18:13:57,-400,31263848,stevenmarkryan,stevenmarkryan,0, https://t.co/YlmHwgZ1hw - Tesla‚Äôs #1 BEAR Goes OFF THE DEEP END (he‚Äôs lost it) ü§°  NEW  $TSLA @Tesla #Tesla  https://t.co/WZ9KiVMzq4,en,"[{'screen_name': 'tesla', 'name': 'tesla', 'id': '13298072'}]",['https://youtu.be/ZAnwklO2B54'],['https://pbs.twimg.com/media/FBsUUMrUcA0u73b.jpg'],25,12,179,['tesla'],['tsla'],https://twitter.com/stevenmarkryan/status/1448774103536582658,FALSE,0,1,https://pbs.twimg.com/media/FBsUUMrUcA0u73b.jpg,0,0,0,0,0,0,[],0,0,0,0,1
153,1.44808E+18,1.44808E+18,2021-10-12 20:20:23 Eastern Daylight Time,10/12/2021,20:20:23,-400,31263848,stevenmarkryan,stevenmarkryan,0,My current $TSLA stock price targets (bear case) over the next decade.  Tesla bot has changed the game. Still working through the implications in my Tesla model. The AI component is greatly underappreciated. Tesla is on the path to developing AGI in coming decades. FSD&gt;Bot&gt;AGI.  https://t.co/w81H6bCcZK,en,[],[],['https://pbs.twimg.com/media/FBiceS9UUAAbNJ2.jpg'],96,96,1110,[],['tsla'],https://twitter.com/stevenmarkryan/status/1448081145254629394,FALSE,0,1,https://pbs.twimg.com/media/FBiceS9UUAAbNJ2.jpg,0,0,0,0,0,0,[],0,0,0,0,1
154,1.44798E+18,1.44798E+18,2021-10-12 13:28:39 Eastern Daylight Time,10/12/2021,13:28:39,-400,435266378,tslafanmtl,James Cat,0,"The people who said Tesla was failing in Norway, and then EU, in 2020 - are now saying that Tesla is failing in China in 2021 - for the EXACT SAME REASONS (supply allocation).  This is the weakest bear camp of any stock on the market. FFS. Buy $TSLA lol.",en,[],[],[],8,17,243,[],['tsla'],https://twitter.com/TSLAFanMtl/status/1447977527847358466,FALSE,0,0,0,0,0,0,0,0,0,[],0,0,0,0,2
155,1.44792E+18,1.44792E+18,2021-10-12 09:57:04 Eastern Daylight Time,10/12/2021,9:57:04,-400,9.03824E+17,jubanmohamed,ê©∏ê©´ê©ßê©∫ê©±,0,"BREAKING NEWS:  After removing radar from Tesla vehicles and using only pure vision, any bear in sight will get SMASHED!üìà üêª  $TSLA #Tesla  https://t.co/bQ0HSLNh3a",en,[],[],['https://pbs.twimg.com/media/FBgPdQoXoAApw3a.jpg'],38,67,881,['tesla'],['tsla'],https://twitter.com/JubanMohamed/status/1447924280839315464,FALSE,0,1,https://pbs.twimg.com/media/FBgPdQoXoAApw3a.jpg,0,0,0,0,0,0,[],0,0,0,0,1
156,1.44787E+18,1.44787E+18,2021-10-12 06:12:36 Eastern Daylight Time,10/12/2021,6:12:36,-400,435266378,tslafanmtl,James Cat,0,"Just when $TSLA bears start chirping about China sales declining, Tesla prints a 52k sales month.  So funny watching critics be wrong quarter after quarter.",en,[],[],[],22,23,468,[],['tsla'],https://twitter.com/TSLAFanMtl/status/1447867791965622272,FALSE,0,0,0,0,0,0,0,0,0,[],0,0,0,0,2
157,1.44631E+18,1.44631E+18,2021-10-07 23:08:09 Eastern Daylight Time,10/7/2021,23:08:09,-400,435266378,tslafanmtl,James Cat,0,"So Tesla opens 3 Gigafactories with higher capacities than Fremont, and not only does $TSLA NOT shut down Fremont, but they plan to expand it by 50%!?!?  Without advertising?  With multiple price increases!?  Will bears admit they got this wrong?",en,[],[],[],17,22,308,[],['tsla'],https://twitter.com/TSLAFanMtl/status/1446311426457542657,FALSE,0,0,0,0,0,0,0,0,0,[],0,0,0,0,2
158,1.44585E+18,1.44585E+18,2021-10-06 16:31:27 Eastern Daylight Time,10/6/2021,16:31:27,-400,1.24327E+18,puppy_trades,PuppyTrades,0,"A lot of Bitcoin (and Tesla) bears are gonna learn about ""Wave C"" the hard way. Wave C is like my daddy that went out for cigarettes  The truth is $BTC is entering a huge Wave 3 and the minimum target is 90K, followed by a shallow Wave 4 and a Wave 5 higher to 125K in early 2022.  https://t.co/uyBYSW8TMN",en,[],[],['https://pbs.twimg.com/media/FBCvzleVIAMX5Jl.jpg'],22,23,231,[],['btc'],https://twitter.com/puppy_trades/status/1445849203599626241,FALSE,0,1,https://pbs.twimg.com/media/FBCvzleVIAMX5Jl.jpg,0,0,0,0,0,0,[],0,0,0,0,1
159,1.44501E+18,1.44501E+18,2021-10-04 08:58:47 Eastern Daylight Time,10/4/2021,8:58:47,-400,7.9623E+17,teslavangelist,Teslavangelist,0,"for the bears that believe Tesla deliveries numbers are fake, where are increasing number of Teslas on the road coming from?",en,[],[],[],98,25,562,[],[],https://twitter.com/teslavangelist/status/1445010512710934528,FALSE,0,0,0,0,0,0,0,0,0,[],0,0,0,0,1
160,1.44464E+18,1.44464E+18,2021-10-03 08:13:37 Eastern Daylight Time,10/3/2021,8:13:37,-400,10175642,meckimac,Jessica Meckmann üëÄ,0,"I found the perfect ‚Äú@Tesla is essentially a busted growth story‚Äù graph for Gordy! I cannot essentially find another argument for him to sell his ridiculous bear story tomorrow on @SquawkCNBC.  Somebody please send it to him, I‚Äôm essentially blocked so I can‚Äôt do it ü§∑üèº‚Äç‚ôÄÔ∏è  https://t.co/ZGXpv5beeq",en,"[{'screen_name': 'tesla', 'name': 'tesla', 'id': '13298072'}, {'screen_name': 'squawkcnbc', 'name': 'squawk box', 'id': '404422077'}]",[],['https://pbs.twimg.com/media/FAxhePmWQAAc40l.jpg'],9,4,154,[],[],https://twitter.com/meckimac/status/1444636757987897344,FALSE,0,1,https://pbs.twimg.com/media/FAxhePmWQAAc40l.jpg,0,0,0,0,0,0,[],0,0,0,0,1
161,1.44437E+18,1.44437E+18,2021-10-02 14:22:08 Eastern Daylight Time,10/2/2021,14:22:08,-400,435266378,tslafanmtl,James Cat,0,"Tesla just posted record sales without Fremont exporting a SINGLE car to Europe, and only 2 boats to Asia. Wait times are in 2022, and prices keep increasing for US orders.  Where are the $TSLAQ bears who said Fremont would have excess capacity when this happens?  $TSLA",en,[],[],[],3,9,139,[],"['tslaq', 'tsla']",https://twitter.com/TSLAFanMtl/status/1444367111078436865,FALSE,0,0,0,0,0,0,0,0,0,[],0,0,0,0,1
162,1.44412E+18,1.44412E+18,2021-10-01 21:40:54 Eastern Daylight Time,10/1/2021,21:40:54,-400,435266378,tslafanmtl,James Cat,0,"""This puts Tesla at another level of productivity and profitability.""  These words aren't coming from James Cat on Twitter; they're coming from VW's top leaders. VW is PETRIFIED.   Enough to convince $TSLA bears that $TSLA bulls have been RIGHT all along?",en,[],[],[],7,17,94,[],"['tsla', 'tsla']",https://twitter.com/TSLAFanMtl/status/1444115139201048581,FALSE,https://twitter.com/WholeMarsBlog/status/1444104512264818688,0,0,0,0,0,0,0,0,[],0,0,0,0,2
163,1.44352E+18,1.44352E+18,2021-09-30 06:10:37 Eastern Daylight Time,9/30/2021,6:10:37,-400,9.98141E+17,28delayslater,üá∫üá¶ ü¶ä Earl of FrunkPuppy üá∫üá¶,0,"Just a reminder that when $TSLA fell from ATH to the 500s, it had nothing to do with any of the bear thesis. Demand didn‚Äôt collapse. Tesla didn‚Äôt go bankrupt. Competition didn‚Äôt destroy Tesla. Fraud wasn‚Äôt exposed.  Etc etc.",en,[],[],[],18,23,513,[],['tsla'],https://twitter.com/28delayslater/status/1443518638691082241,FALSE,0,0,0,0,0,0,0,0,0,[],0,0,0,0,1
164,1.44339E+18,1.44339E+18,2021-09-29 21:29:32 Eastern Daylight Time,9/29/2021,21:29:32,-400,9.71763E+17,bgrahamdisciple,B Graham Disciple,0,"Tesla bulls and bears don‚Äôt agree on much, but there is one thing both are excited about: new Tesla factories coming online.",en,[],[],[],4,1,68,[],[],https://twitter.com/bgrahamdisciple/status/1443387504158183424,FALSE,0,0,0,0,0,0,0,0,0,[],0,0,0,0,1
165,1.44289E+18,1.44289E+18,2021-09-28 12:30:25 Eastern Daylight Time,9/28/2021,12:30:25,-400,1308211178,teslarati,TESLARATI,0,Tesla's $TSLA biggest bear sets Q3 delivery forecast at 223k  https://t.co/dFfhj3sYFa by @KlenderJoey,en,"[{'screen_name': 'klenderjoey', 'name': 'joey klender üá∫üá¶', 'id': '1166039075847114752'}]",['https://www.teslarati.com/tesla-tsla-biggest-bear-gordon-johnson-q3-deliveries-223k/'],[],35,26,408,[],['tsla'],https://twitter.com/Teslarati/status/1442889442881060867,FALSE,0,0,0,0,0,0,0,0,0,[],0,0,0,0,1
166,1.44226E+18,1.44226E+18,2021-09-26 18:33:34 Eastern Daylight Time,9/26/2021,18:33:34,-400,1.42569E+18,thebearcltv,TheBearCLTV,0,OUR DROP IS LIVE üî•  https://t.co/8OObYpEbjw 0.04 eth! MINT THIS BEAR AND WIN A TESLA üéâ - Join the Discord for more details!  https://t.co/6wjakhdNnR   WE ARE GIVING AWAY 1 NFT  üêª Like + RT üêª Tag 3 Friends üêª Join Discord  Winner announced in 24h üî• #NFTs #NFTDrop #NFTGiveaway  https://t.co/SCclXyD1LG,en,[],"['http://thebearcltv.com', 'http://discord.gg/thebearcltv']",['https://pbs.twimg.com/tweet_video_thumb/FAPsOifWYAAsbMl.jpg'],138,131,167,"['nfts', 'nftdrop', 'nftgiveaway']",[],https://twitter.com/TheBearCltv/status/1442256056877568000,FALSE,0,1,https://pbs.twimg.com/tweet_video_thumb/FAPsOifWYAAsbMl.jpg,0,0,0,0,0,0,[],0,0,0,0,1
167,1.44213E+18,1.44213E+18,2021-09-26 10:19:36 Eastern Daylight Time,9/26/2021,10:19:36,-400,9.98141E+17,28delayslater,üá∫üá¶ ü¶ä Earl of FrunkPuppy üá∫üá¶,0,"Even with a demand cap since 2017, Tesla somehow keeps selling more cars each year.   The bear thesis, as it has been forever, is that making more cars / opening more factories is a mistake.   They are about to me really really wrong again as Berlin and Austin open",en,[],[],[],15,11,152,[],[],https://twitter.com/28delayslater/status/1442131746787635204,FALSE,0,0,0,0,0,0,0,0,0,[],0,0,0,0,1
168,1.44213E+18,1.44213E+18,2021-09-26 10:15:48 Eastern Daylight Time,9/26/2021,10:15:48,-400,9.98141E+17,28delayslater,üá∫üá¶ ü¶ä Earl of FrunkPuppy üá∫üá¶,0,Things that offend bears:  ‚ÄúStay safe‚Äù   Wikipedia links   Happy Tesla owners,en,[],[],[],9,7,172,[],[],https://twitter.com/28delayslater/status/1442130789982867457,FALSE,0,0,0,0,0,0,0,0,0,[],0,0,0,0,1
169,1.44152E+18,1.44152E+18,2021-09-24 17:54:42 Eastern Daylight Time,9/24/2021,17:54:42,-400,1.05287E+18,teslahistorian,The Short Shorts Historian,0,"THIS DAY IN $TSLAQ HISTORY:  According to $TSLA bears, Tesla's products are always delayed and competitors' are on time. Here's few clowns from 5 years ago hyping up BMW i5 that was supposed to be available in 2019, but is now delayed to 2023.ü§°  https://t.co/oyjL9C3ZH5",en,[],[],['https://pbs.twimg.com/media/FAFQKdrVgAU5j1s.jpg'],41,64,739,[],"['tslaq', 'tsla']",https://twitter.com/TeslaHistorian/status/1441521499047821314,FALSE,0,1,https://pbs.twimg.com/media/FAFQKdrVgAU5j1s.jpg,0,0,0,0,0,0,[],0,0,0,0,1
170,1.44083E+18,1.44083E+18,2021-09-22 19:53:17 Eastern Daylight Time,9/22/2021,19:53:17,-400,1.42569E+18,thebearcltv,TheBearCLTV,0,"Mint this bear &amp; Win a #Tesla! More detail ‚û°  https://t.co/6wjakhvofp üî• Also, We are giving away 1 NFT + $200 to someone in 48 hours -   Rules: üêª Follow @TheBearCltv  üêª Like + RT üêª Tag 3 Friends üêª Join Our Discord  https://t.co/6wjakhvofp  #NFTGiveaway #NFTs #NFTDrop  https://t.co/C8Dl50kaU1",en,"[{'screen_name': 'thebearcltv', 'name': 'thebearcltv', 'id': '1425692844971503619'}]","['http://discord.gg/thebearcltv', 'http://discord.gg/thebearcltv']",['https://pbs.twimg.com/media/E_7YHz5VQAAGMl1.jpg'],246,225,250,"['tesla', 'nftgiveaway', 'nfts', 'nftdrop']",[],https://twitter.com/TheBearCltv/status/1440826566867439616,FALSE,0,1,https://pbs.twimg.com/media/E_7YHz5VQAAGMl1.jpg,0,0,0,0,0,0,[],0,0,0,0,1
171,1.4404E+18,1.4404E+18,2021-09-21 15:28:30 Eastern Daylight Time,9/21/2021,15:28:30,-400,435266378,tslafanmtl,James Cat,0,"Bears and shorts are basically praying for a massive supply-related disruption to Tesla's Fremont operations. We know that Shanghai is pumping out ~45k cars/month now and we know that Europe is set to smash records. No dispute there. If Fremont production is flat QoQ, Q3 = beat.",en,[],[],[],8,1,91,[],[],https://twitter.com/TSLAFanMtl/status/1440397542303305747,FALSE,0,0,0,0,0,0,0,0,0,[],0,0,0,0,2
172,1.44017E+18,1.44017E+18,2021-09-21 00:35:27 Eastern Daylight Time,9/21/2021,0:35:27,-400,31263848,stevenmarkryan,stevenmarkryan,0, https://t.co/U0jZTV4mKZ - Tesla Is About To Go Crazy (+ Bear Gets OWNED)  NEW  $TSLA #Tesla @Tesla  https://t.co/TTXqxEeXjr,en,"[{'screen_name': 'tesla', 'name': 'tesla', 'id': '13298072'}]",['https://youtu.be/u2VWJgtpY-I'],['https://pbs.twimg.com/media/E_yFYmLVQAAI-Yl.jpg'],7,11,163,['tesla'],['tsla'],https://twitter.com/stevenmarkryan/status/1440172802703724555,FALSE,0,1,https://pbs.twimg.com/media/E_yFYmLVQAAI-Yl.jpg,0,0,0,0,0,0,[],0,0,0,0,1
173,1.43883E+18,1.43883E+18,2021-09-17 07:30:37 Eastern Daylight Time,9/17/2021,7:30:37,-400,435266378,tslafanmtl,James Cat,0,"Friendly reminder that Tesla has sent 16 boats to EU this quarter vs a record 10 last quarter, and $TSLAQ's entire 2020 bear thesis has shit the bed. Also, #ButNorway.  $TSLA  https://t.co/pPCAyevQ4J",en,[],[],['https://pbs.twimg.com/media/E_e-MekWUAAjW2D.jpg'],20,17,261,['butnorway'],"['tslaq', 'tsla']",https://twitter.com/TSLAFanMtl/status/1438827729483337734,FALSE,0,1,https://pbs.twimg.com/media/E_e-MekWUAAjW2D.jpg,0,0,0,0,0,0,[],0,0,0,0,2
174,1.43815E+18,1.43814E+18,2021-09-15 10:40:42 Eastern Daylight Time,9/15/2021,10:40:42,-400,1.35936E+18,jiims,ayu ü´†,0,Welcome to PLATINUM POLAR CLUB üíé #NFT   Twitter: @PlatPolarClub  Discord:  https://t.co/9gLbqcbgfs üíé DONATIONS to various Charities  üëë HUGE GIVEAWAYS including üöò TESLA giveaway üî•MERCH üëï COMING OUT üí∞BABY POLAR BEARS (Cubs),en,"[{'screen_name': 'platpolarclub', 'name': '.', 'id': '1425268692888088584'}]",['http://discord.gg/2jJVeQNx'],[],31,133,567,['nft'],[],https://twitter.com/jiims/status/1438150790598709255,FALSE,0,0,0,0,0,0,0,0,0,[],0,0,0,0,1
175,1.4355E+18,1.43538E+18,2021-09-08 03:11:08 Eastern Daylight Time,9/8/2021,3:11:08,-400,7.12722E+17,heikki_bear,Heikki,0,@cptrico_tesla @edmunds That is utterly weird comment on a product which is meant for retail audience.  I get liking Tesla but this thing is objectively bad. It breaks hundred year old convention for no real gain. Getting rid of whiskers is weird too.,en,[],[],[],1,0,93,[],[],https://twitter.com/heikki_bear/status/1435500938354204677,FALSE,0,0,0,0,0,0,0,0,0,"[{'screen_name': 'cptrico_tesla', 'name': 'Cptrico', 'id': '402449397'}, {'screen_name': 'edmunds', 'name': 'Edmunds', 'id': '14287286'}]",0,0,0,0,1
176,1.4353E+18,1.4353E+18,2021-09-07 13:43:36 Eastern Daylight Time,9/7/2021,13:43:36,-400,1.03961E+18,ginog01328427,Sarajah the Great Prophet,0,We will reach the tipping point. All of the ‚Äúexperts‚Äù whether bull or bear on Tesla will be as shocked as they were in 2020. $TSLA  https://t.co/OBUWBsM6LV,en,[],[],['https://pbs.twimg.com/tweet_video_thumb/E-szqVEUUAILHGW.jpg'],0,9,115,[],['tsla'],https://twitter.com/GinoG01328427/status/1435297714279890947,FALSE,0,1,https://pbs.twimg.com/tweet_video_thumb/E-szqVEUUAILHGW.jpg,0,0,0,0,0,0,[],0,0,0,0,1
177,1.43458E+18,1.43458E+18,2021-09-05 14:01:13 Eastern Daylight Time,9/5/2021,14:01:13,-400,9.98141E+17,28delayslater,üá∫üá¶ ü¶ä Earl of FrunkPuppy üá∫üá¶,0,"I wish the #Tesla bear case wasn‚Äôt about ignoring data, creating conspiracies and hiding behind a blocklist. Would be nice to have a real discussion.",en,[],[],[],26,9,272,['tesla'],[],https://twitter.com/28delayslater/status/1434577374096539649,FALSE,0,0,0,0,0,0,0,0,0,[],0,0,0,0,1
178,1.43421E+18,1.43421E+18,2021-09-04 13:50:10 Eastern Daylight Time,9/4/2021,13:50:10,-400,52370117,jpr007,JPR007,0,"""ARK Invest updated its price target for Tesla to $3,000 per share by 2025""  ""ARK's bear and bull case suggest that Tesla could be worth roughly $1,500 and $4,000 per share""  ""ARK does not factor in Tesla's utility energy storage nor solar business into its models""  https://t.co/v3LkpNh37S",en,[],[],['https://pbs.twimg.com/media/E-dYXTRXEAArL8U.jpg'],7,15,109,[],[],https://twitter.com/jpr007/status/1434212205218652168,FALSE,https://twitter.com/vincent13031925/status/1434154061234774016,1,https://pbs.twimg.com/media/E-dYXTRXEAArL8U.jpg,0,0,0,0,0,0,[],0,0,0,0,1
179,1.43374E+18,1.43374E+18,2021-09-03 06:23:24 Eastern Daylight Time,9/3/2021,6:23:24,-400,1.04641E+18,randyvegetables,Â∞πÂ§©ÁÜæ - A.K.A. RandyVegetables,0,"Why do $TSLAQ obsess over Tesla so much?  I mean one could argue that we bulls and owners are wasting our lives obsessing over a company, but we do it out of pleasure, joy and getting rich apparently.  What's in it for the bears?   Hate, anger and losing all their money... ???",en,[],[],[],47,14,282,[],['tslaq'],https://twitter.com/RandyVegetables/status/1433737381925040141,FALSE,0,0,0,0,0,0,0,0,0,[],0,0,0,0,1
180,1.43314E+18,1.43308E+18,2021-09-01 14:39:05 Eastern Daylight Time,9/1/2021,14:39:05,-400,44196397,elonmusk,Elon Musk,0,"@Kristennetten @StianWalgermo @Tesla @ARKInvest @WholeMarsBlog @alex_avoigt @Teslarati @TeslaPodcast @mortenlund89 I was in the Berlin paint shop talking to the team on my last visit. It‚Äôs gonna be great!   But bear in mind that it takes about a year for a new factory to reach volume production. Production is super hard work, which is why I have great respect for those who do it.",en,[],[],[],316,297,4587,[],[],https://twitter.com/elonmusk/status/1433137351203561474,FALSE,0,0,0,0,0,0,0,0,0,"[{'screen_name': 'Kristennetten', 'name': '‚Ä¢K10‚Ä¢‚ô•Ô∏èüïäüá∫üá¶ ü¶ä', 'id': '985686123123949568'}, {'screen_name': 'StianWalgermo', 'name': 'Walgermo', 'id': '1860572792'}, {'screen_name': 'Tesla', 'name': 'Tesla', 'id': '13298072'}, {'screen_name': 'ARKInvest', 'name': 'ARK Invest', 'id': '2398137084'}, {'screen_name': 'WholeMarsBlog', 'name': 'Whole Mars Catalog', 'id': '1263491240336769026'}, {'screen_name': 'alex_avoigt', 'name': 'Alex', 'id': '718747351792398336'}, {'screen_name': 'Teslarati', 'name': 'TESLARATI', 'id': '1308211178'}, {'screen_name': 'TeslaPodcast', 'name': 'Rob Maurer', 'id': '898021206967951360'}, {'screen_name': 'mortenlund89', 'name': 'Morten Grove - Captain of all Tesla-Ships üö¢', 'id': '855795055'}]",0,0,0,0,1
181,1.43312E+18,1.43312E+18,2021-09-01 13:46:44 Eastern Daylight Time,9/1/2021,13:46:44,-400,349249475,gerberkawasaki,Ross Gerber,0,Some fond old memories of killing tesla bears. Enjoy @elonmusk  $TSLA,en,"[{'screen_name': 'elonmusk', 'name': 'elon musk', 'id': '44196397'}]",[],[],71,113,1087,[],['tsla'],https://twitter.com/GerberKawasaki/status/1433124174764015616,FALSE,https://twitter.com/BullishStudio/status/1433120065319276546,0,0,0,0,0,0,0,0,[],0,0,0,0,1
