id,conversation_id,created_at,date,time,timezone,user_id,username,name,place,tweet,language,mentions,urls,photos,replies_count,retweets_count,likes_count,hashtags,cashtags,link,retweet,quote_url,video,thumbnail,near,geo,source,user_rt_id,user_rt,retweet_id,reply_to,retweet_date,translate,trans_src,trans_dest
1517965188284264448,1517965188284264448,2022-04-23 16:34:37 Eastern Daylight Time,2022-04-23,16:34:37,-0400,1381346458843160577,safemoonwarrior,üî•SafeMoonWarrior,,"#SAFEMOON  ‚ÄúFirst off, we don't comment on any legal matters. So don't ask. Second, delays happen. Eth 2.0, tesla cybertruck, and .. from other companies get delayed.    We continue to work on the products we have announced, and are looking forward to releasing them.‚Äù ‚ÄîJ. Karony  https://t.co/cAL1oBMuI1",en,[],[],['https://pbs.twimg.com/media/FRDlAxzXEAISEAI.jpg'],77,205,908,['safemoon'],[],https://twitter.com/SafemoonWarrior/status/1517965188284264448,False,,1,https://pbs.twimg.com/media/FRDlAxzXEAISEAI.jpg,,,,,,,[],,,,
1502041928560525319,1502041928560525319,2022-03-10 17:01:17 Eastern Standard Time,2022-03-10,17:01:17,-0400,1891957230,tesla_indiana,Tesla Indianaüîã‚ö°Ô∏èüåé,,Tesla‚Äôs decision to delay Cybertruck to ‚Äò23 and push out as many Model Y/3s as possible this year was clearly the right decision @MartinViecha @elonmusk ‚Ä¶mass production for the win,en,"[{'screen_name': 'martinviecha', 'name': 'martin viecha', 'id': '319083083'}, {'screen_name': 'elonmusk', 'name': 'elon musk', 'id': '44196397'}]",[],[],79,72,1217,[],[],https://twitter.com/Tesla_Indiana/status/1502041928560525319,False,,0,,,,,,,,[],,,,
1492650986309136386,1492650986309136386,2022-02-12 19:05:01 Eastern Standard Time,2022-02-12,19:05:01,-0400,2694154514,jefftutorials,Jeff üíô‚úåÔ∏è,,I cannot stand chatting with my Tesla delivery advisor over SMS.   It's slow and there are major delays between responses.  Why can't Tesla build a chat interface in the Tesla mobile app with read receipts and attachments?  Yo @elonmusk ^^^,en,"[{'screen_name': 'elonmusk', 'name': 'elon musk', 'id': '44196397'}]",[],[],191,112,4500,[],[],https://twitter.com/JeffTutorials/status/1492650986309136386,False,,0,,,,,,,,[],,,,
1517966235706740736,1517966235706740736,2022-04-23 16:38:47 Eastern Daylight Time,2022-04-23,16:38:47,-0400,54656122,faboisme,Fabo üí≥,,"First off, we don't comment on any legal matters. So don't ask. Second, delays happen. Eth 2.0, tesla cybertruck, and other products from other companies get delayed. We continue to work on the products we have announced and are looking forward to releasing them -John  #SAFEMOON  https://t.co/zttf5js8FX",en,[],[],['https://pbs.twimg.com/media/FRDmPv6XIAA4UsZ.jpg'],22,75,366,['safemoon'],[],https://twitter.com/FaboisMe/status/1517966235706740736,False,,1,https://pbs.twimg.com/media/FRDmPv6XIAA4UsZ.jpg,,,,,,,[],,,,
1517965188284264448,1517965188284264448,2022-04-23 16:34:37 Eastern Daylight Time,2022-04-23,16:34:37,-0400,1381346458843160577,safemoonwarrior,üî•SafeMoonWarrior,,"#SAFEMOON  ‚ÄúFirst off, we don't comment on any legal matters. So don't ask. Second, delays happen. Eth 2.0, tesla cybertruck, and .. from other companies get delayed.    We continue to work on the products we have announced, and are looking forward to releasing them.‚Äù ‚ÄîJ. Karony  https://t.co/cAL1oBMuI1",en,[],[],['https://pbs.twimg.com/media/FRDlAxzXEAISEAI.jpg'],77,205,908,['safemoon'],[],https://twitter.com/SafemoonWarrior/status/1517965188284264448,False,,1,https://pbs.twimg.com/media/FRDlAxzXEAISEAI.jpg,,,,,,,[],,,,
1517352610591817729,1517352610591817729,2022-04-22 00:00:28 Eastern Daylight Time,2022-04-22,00:00:28,-0400,1308211178,teslarati,TESLARATI,,Tesla‚Äôs Solar deployments figures were hit hard by chip shortages and import delays ‚Äúbeyond our control‚Äù in 2022‚Äôs first quarter.  https://t.co/KaBc4mTFgN  https://t.co/zx9ubPkQBf,en,[],['https://www.teslarati.com/tesla-energy-solar-suffered-in-q1-but-musk-still-expects-a-positive-year/'],['https://pbs.twimg.com/media/FQ64KLNXsAA_2c7.jpg'],3,6,146,[],[],https://twitter.com/Teslarati/status/1517352610591817729,False,,1,https://pbs.twimg.com/media/FQ64KLNXsAA_2c7.jpg,,,,,,,[],,,,
1516886075905839104,1516886075905839104,2022-04-20 17:06:37 Eastern Daylight Time,2022-04-20,17:06:37,-0400,31263848,stevenmarkryan,stevenmarkryan,," https://t.co/NpemWnoCYM - Tesla earnings call live steam starts soon. Come say hi in the chat!  FYI, there will be a SHORT delay before the stream starts: This is so extra info (e.g. who is speaking, their price target on Tesla etc) can be added for more context during the call.",en,[],['https://youtu.be/C1Ubegex5SI'],[],13,14,142,[],[],https://twitter.com/stevenmarkryan/status/1516886075905839104,False,,0,,,,,,,,[],,,,
1514031891183247373,1514031891183247373,2022-04-12 20:05:06 Eastern Daylight Time,2022-04-12,20:05:06,-0400,34713362,business,Bloomberg,,Elon Musk was sued by a Twitter shareholder who claims the Tesla CEO‚Äòs delay in disclosing his ownership of more than 5% of the social-media company artificially kept its share price down  https://t.co/yCCDCMy9eh,en,[],['https://trib.al/MSRzprW'],[],113,133,524,[],[],https://twitter.com/business/status/1514031891183247373,False,,0,,,,,,,,[],,,,
1506779247800639495,1506779247800639495,2022-03-23 19:45:41 Eastern Daylight Time,2022-03-23,19:45:41,-0400,1396523472734543878,veveviral,VeVeViral‚≠ïÔ∏èü¶á,,"Imagine looking your kids in the face&amp; telling them you jumped ship on the company who produced the 1st ever officially licensed NFTs for the following brands &amp; more just because you got too emotional by a few delays  Eth, Tesla, &amp; every builderüè° I know have handed me delays ü§∑‚Äç‚ôÇÔ∏è  https://t.co/ox9IQCVIKf",en,[],[],['https://pbs.twimg.com/media/FOknvZBWUAQZAWV.jpg'],20,26,193,[],[],https://twitter.com/VeVeViral/status/1506779247800639495,False,,1,https://pbs.twimg.com/media/FOknvZBWUAQZAWV.jpg,,,,,,,[],,,,
1505734724861546506,1505734724861546506,2022-03-20 22:35:08 Eastern Daylight Time,2022-03-20,22:35:08,-0400,435266378,tslafanmtl,James Cat,,Any Tesla bear thesis that cites EV shr is just moronic.   Real risks to $TSLA?  1. Geopolitical risks from China. 2. Regulatory risk from FSD. 3. 4680 ramp delays.  Not worried about inflation/commodities - they will pass these off.  Not worried about competition- there is none.,en,[],[],[],45,18,384,[],['tsla'],https://twitter.com/TSLAFanMtl/status/1505734724861546506,False,,0,,,,,,,,[],,,,
1502041928560525319,1502041928560525319,2022-03-10 17:01:17 Eastern Standard Time,2022-03-10,17:01:17,-0400,1891957230,tesla_indiana,Tesla Indianaüîã‚ö°Ô∏èüåé,,Tesla‚Äôs decision to delay Cybertruck to ‚Äò23 and push out as many Model Y/3s as possible this year was clearly the right decision @MartinViecha @elonmusk ‚Ä¶mass production for the win,en,"[{'screen_name': 'martinviecha', 'name': 'martin viecha', 'id': '319083083'}, {'screen_name': 'elonmusk', 'name': 'elon musk', 'id': '44196397'}]",[],[],79,72,1217,[],[],https://twitter.com/Tesla_Indiana/status/1502041928560525319,False,,0,,,,,,,,[],,,,
1496823523452534787,1496823523452534787,2022-02-24 07:25:12 Eastern Standard Time,2022-02-24,07:25:12,-0400,718747351792398336,alex_avoigt,Alex,,"Many who claimed Tesla should have located üá©üá™ Giga Berlin in Eastern Europe because of the ""delays"" may now understand why Germany is a great location!",en,[],[],[],125,29,767,[],[],https://twitter.com/alex_avoigt/status/1496823523452534787,False,,0,,,,,,,,[],,,,
1496159498330775556,1496159498330775556,2022-02-22 11:26:36 Eastern Standard Time,2022-02-22,11:26:36,-0400,349249475,gerberkawasaki,Ross Gerber,,WSJ reporting tesla Berlin could be approved at any time. Delays from a change in plans to expand battery production. Worth it. Expect to see this approved any day. $tsla,en,[],[],[],56,69,1039,[],['tsla'],https://twitter.com/GerberKawasaki/status/1496159498330775556,False,,0,,,,,,,,[],,,,
1492650986309136386,1492650986309136386,2022-02-12 19:05:01 Eastern Standard Time,2022-02-12,19:05:01,-0400,2694154514,jefftutorials,Jeff üíô‚úåÔ∏è,,I cannot stand chatting with my Tesla delivery advisor over SMS.   It's slow and there are major delays between responses.  Why can't Tesla build a chat interface in the Tesla mobile app with read receipts and attachments?  Yo @elonmusk ^^^,en,"[{'screen_name': 'elonmusk', 'name': 'elon musk', 'id': '44196397'}]",[],[],191,112,4500,[],[],https://twitter.com/JeffTutorials/status/1492650986309136386,False,,0,,,,,,,,[],,,,
1492483815129894913,1492483815129894913,2022-02-12 08:00:45 Eastern Standard Time,2022-02-12,08:00:45,-0400,1308211178,teslarati,TESLARATI,,Tesla factory delays show 'how we stand in our own way': German industry experts sound off  https://t.co/sLwdrlfl1C by @KlenderJoey,en,"[{'screen_name': 'klenderjoey', 'name': 'joey klender üá∫üá¶', 'id': '1166039075847114752'}]",['https://www.teslarati.com/tesla-factory-delays-show-how-we-stand-in-our-own-way-german-industry-experts-sound-off/'],[],30,55,563,[],[],https://twitter.com/Teslarati/status/1492483815129894913,False,,0,,,,,,,,[],,,,
1492090958778937344,1492090958778937344,2022-02-11 05:59:40 Eastern Standard Time,2022-02-11,05:59:40,-0400,1308211178,teslarati,TESLARATI,,Tesla Giga Berlin‚Äôs delays are shining a light on Germany‚Äôs cumbersome approval processes  https://t.co/OUNqId93FS by @ResidentSponge,en,"[{'screen_name': 'residentsponge', 'name': 'simon alvarez', 'id': '798749450223030272'}]",['https://www.teslarati.com/tesla-giga-berlin-delays-analyzed-officials/'],[],28,48,418,[],[],https://twitter.com/Teslarati/status/1492090958778937344,False,,0,,,,,,,,[],,,,
1491886080571973635,1491886080571973635,2022-02-10 16:25:34 Eastern Standard Time,2022-02-10,16:25:34,-0400,718747351792398336,alex_avoigt,Alex,,"üá©üá™ Giga Berlin  Brandenburgs Wirtschaftsminister J√∂rg Steinbach, ""The Tesla settlement is a showcase project and even if there are delays, overall we can talk about a tremendously fast project""  True for German standards",en,[],[],[],66,31,459,[],[],https://twitter.com/alex_avoigt/status/1491886080571973635,False,,0,,,,,,,,[],,,,
1491494923291480070,1491494923291480070,2022-02-09 14:31:15 Eastern Standard Time,2022-02-09,14:31:15,-0400,1308211178,teslarati,TESLARATI,,Tesla Gigafactory Berlin approval delays push back production start to mid-March: rbb24  https://t.co/QcwlgjnDrL by @KlenderJoey,en,"[{'screen_name': 'klenderjoey', 'name': 'joey klender üá∫üá¶', 'id': '1166039075847114752'}]",['https://www.teslarati.com/tesla-gigafactory-berlin-production-approval-delays-mid-march-rbb24/'],[],42,38,348,[],[],https://twitter.com/Teslarati/status/1491494923291480070,False,,0,,,,,,,,[],,,,
1490369919409610753,1490369919409610753,2022-02-06 12:00:53 Eastern Standard Time,2022-02-06,12:00:53,-0400,809837854981582848,ctr4autosafety,Center for Auto Safety,,"With such a high number and frequency of @Tesla recalls, combined with delays in providing remedies, @NHTSAgov should seek the maximum civil penalty available for such behavior.  https://t.co/jBR0ec6Mtr  https://t.co/csgqKJ8ej4",en,"[{'screen_name': 'tesla', 'name': 'tesla', 'id': '13298072'}, {'screen_name': 'nhtsagov', 'name': 'nhtsagov', 'id': '49706919'}]",['https://tinyurl.com/3n3u9x96'],['https://pbs.twimg.com/media/FK7bi0sXwAMpXZR.png'],73,40,224,[],[],https://twitter.com/Ctr4AutoSafety/status/1490369919409610753,False,,1,https://pbs.twimg.com/media/FK7bi0sXwAMpXZR.png,,,,,,,[],,,,
1486545349942472704,1486545349942472704,2022-01-26 22:43:24 Eastern Standard Time,2022-01-26,22:43:24,-0400,1121921810491035648,yingshirleymen1,Ying Shirley Meng,,"(#Battery) after listening to #TSLA earning call after work: 1. 4680 is a reality and focus is scaling (USA made) 2. Structural battery pack coming up  3. No roadster yet - darn‚Ä¶have to delay my upgrade  4. Chip shortage is an issue, not battery - surprising  Bravo @Tesla team!",en,"[{'screen_name': 'tesla', 'name': 'tesla', 'id': '13298072'}]",[],[],6,15,386,"['battery', 'tsla']",[],https://twitter.com/YingShirleyMen1/status/1486545349942472704,False,,0,,,,,,,,[],,,,
1482849426951573508,1482849426951573508,2022-01-16 17:57:08 Eastern Standard Time,2022-01-16,17:57:08,-0400,302045293,alpsoy66,Alp,,"Oh man, Tesla white noise is deafening prior to FY financial results!. Incredible!.. Ford‚Äôs name is popping up in almost every FUD campaign. NYT anti- FSD autopilot ad, CR rigged autopilot Review. Cybertruck alleged delay. Ford is playing dirtier and dirtier! $tsla @elonmusk",en,"[{'screen_name': 'elonmusk', 'name': 'elon musk', 'id': '44196397'}]",[],[],38,29,372,[],['tsla'],https://twitter.com/Alpsoy66/status/1482849426951573508,False,,0,,,,,,,,[],,,,
1482200213993373696,1482200213993373696,2022-01-14 22:57:23 Eastern Standard Time,2022-01-14,22:57:23,-0400,1332487276471808000,theblakecheck,Blake Check üá∫üá¶,,Plot twist: Cybertruck delays accelerate the world's transition to sustainable energy by motivating legacy auto to build more electric trucks faster to beat @Tesla to market.,en,"[{'screen_name': 'tesla', 'name': 'tesla', 'id': '13298072'}]",[],[],15,13,220,[],[],https://twitter.com/TheBlakeCheck/status/1482200213993373696,False,,0,,,,,,,,[],,,,
1481904535085928452,1481904535085928452,2022-01-14 03:22:28 Eastern Standard Time,2022-01-14,03:22:28,-0400,275686563,verge,The Verge,,"Tesla delays Cybertruck to early 2023, says report  https://t.co/lrSGQaEK8s  https://t.co/ZXyIjVBQf5",en,[],['https://www.theverge.com/2022/1/13/22881646/tesla-cybertruck-production-date-2022-removed-website'],['https://pbs.twimg.com/media/FJDISkdXMAUbZDw.jpg'],28,36,336,[],[],https://twitter.com/verge/status/1481904535085928452,False,,1,https://pbs.twimg.com/media/FJDISkdXMAUbZDw.jpg,,,,,,,[],,,,
1481773765784702979,1481773765784702979,2022-01-13 18:42:50 Eastern Standard Time,2022-01-13,18:42:50,-0400,262230241,nod008,NOD,,TESLA DELAYS INITIAL PRODUCTION OF CYBERTRUCK TO EARLY 2023 -SOURCE  https://t.co/WCrhFcFC0y,en,[],[],['https://pbs.twimg.com/tweet_video_thumb/FJBRYC7XwAEr5hb.jpg'],23,36,191,[],[],https://twitter.com/NOD008/status/1481773765784702979,False,,1,https://pbs.twimg.com/tweet_video_thumb/FJBRYC7XwAEr5hb.jpg,,,,,,,[],,,,
1481662299085619202,1481662299085619202,2022-01-13 11:19:54 Eastern Standard Time,2022-01-13,11:19:54,-0400,294548572,iamtomnash,Tom Nash,,Seeking alpha headline: Tesla delays cybertruck to 2023! - only problem is that Elon was saying 2023 for cybertruck for months now‚Ä¶ pathetic,en,[],[],[],20,7,339,[],[],https://twitter.com/iamtomnash/status/1481662299085619202,False,,0,,,,,,,,[],,,,
1517966235706740736,1517966235706740736,2022-04-23 16:38:47 Eastern Daylight Time,2022-04-23,16:38:47,-0400,54656122,faboisme,Fabo üí≥,,"First off, we don't comment on any legal matters. So don't ask. Second, delays happen. Eth 2.0, tesla cybertruck, and other products from other companies get delayed. We continue to work on the products we have announced and are looking forward to releasing them -John  #SAFEMOON  https://t.co/zttf5js8FX",en,[],[],['https://pbs.twimg.com/media/FRDmPv6XIAA4UsZ.jpg'],22,75,366,['safemoon'],[],https://twitter.com/FaboisMe/status/1517966235706740736,False,,1,https://pbs.twimg.com/media/FRDmPv6XIAA4UsZ.jpg,,,,,,,[],,,,
1517965188284264448,1517965188284264448,2022-04-23 16:34:37 Eastern Daylight Time,2022-04-23,16:34:37,-0400,1381346458843160577,safemoonwarrior,üî•SafeMoonWarrior,,"#SAFEMOON  ‚ÄúFirst off, we don't comment on any legal matters. So don't ask. Second, delays happen. Eth 2.0, tesla cybertruck, and .. from other companies get delayed.    We continue to work on the products we have announced, and are looking forward to releasing them.‚Äù ‚ÄîJ. Karony  https://t.co/cAL1oBMuI1",en,[],[],['https://pbs.twimg.com/media/FRDlAxzXEAISEAI.jpg'],77,205,908,['safemoon'],[],https://twitter.com/SafemoonWarrior/status/1517965188284264448,False,,1,https://pbs.twimg.com/media/FRDlAxzXEAISEAI.jpg,,,,,,,[],,,,
1517352610591817729,1517352610591817729,2022-04-22 00:00:28 Eastern Daylight Time,2022-04-22,00:00:28,-0400,1308211178,teslarati,TESLARATI,,Tesla‚Äôs Solar deployments figures were hit hard by chip shortages and import delays ‚Äúbeyond our control‚Äù in 2022‚Äôs first quarter.  https://t.co/KaBc4mTFgN  https://t.co/zx9ubPkQBf,en,[],['https://www.teslarati.com/tesla-energy-solar-suffered-in-q1-but-musk-still-expects-a-positive-year/'],['https://pbs.twimg.com/media/FQ64KLNXsAA_2c7.jpg'],3,6,146,[],[],https://twitter.com/Teslarati/status/1517352610591817729,False,,1,https://pbs.twimg.com/media/FQ64KLNXsAA_2c7.jpg,,,,,,,[],,,,
1516886075905839104,1516886075905839104,2022-04-20 17:06:37 Eastern Daylight Time,2022-04-20,17:06:37,-0400,31263848,stevenmarkryan,stevenmarkryan,," https://t.co/NpemWnoCYM - Tesla earnings call live steam starts soon. Come say hi in the chat!  FYI, there will be a SHORT delay before the stream starts: This is so extra info (e.g. who is speaking, their price target on Tesla etc) can be added for more context during the call.",en,[],['https://youtu.be/C1Ubegex5SI'],[],13,14,142,[],[],https://twitter.com/stevenmarkryan/status/1516886075905839104,False,,0,,,,,,,,[],,,,
1516001274638045193,1516001274638045193,2022-04-18 06:30:44 Eastern Daylight Time,2022-04-18,06:30:44,-0400,2148233600,electrekco,Electrek.co,,"Tesla brings back workers to Giga Shanghai, but delays production restart by a day  https://t.co/393WmHANcU by @fredericlambert",en,"[{'screen_name': 'fredericlambert', 'name': 'fred lambert', 'id': '38253449'}]",['https://electrek.co/2022/04/18/tesla-brings-back-workers-giga-shanghai-but-delays-production-restart/'],[],1,6,65,[],[],https://twitter.com/ElectrekCo/status/1516001274638045193,False,,0,,,,,,,,[],,,,
1514285942688862213,1514285942688862213,2022-04-13 12:54:37 Eastern Daylight Time,2022-04-13,12:54:37,-0400,1396523472734543878,veveviral,VeVeViral‚≠ïÔ∏èü¶á,,Ah okay I guess putting up with moonboys who can‚Äôt emotionally handle delays related to tech or compliance is a universal problem haha üòÖ $OMI ‚≠ïÔ∏è #VeVe  Did I mention the @Tesla CyberTruck has been delayed until 2023 ‚Äî two years after it was originally promised üòÖ  Relax peopleü§∑‚Äç‚ôÇÔ∏è  https://t.co/OiXGQmjW7b,en,"[{'screen_name': 'tesla', 'name': 'tesla', 'id': '13298072'}]",[],['https://pbs.twimg.com/media/FQPTCj3XMAIop3R.jpg'],9,10,72,['veve'],['omi'],https://twitter.com/VeVeViral/status/1514285942688862213,False,,1,https://pbs.twimg.com/media/FQPTCj3XMAIop3R.jpg,,,,,,,[],,,,
1514031891183247373,1514031891183247373,2022-04-12 20:05:06 Eastern Daylight Time,2022-04-12,20:05:06,-0400,34713362,business,Bloomberg,,Elon Musk was sued by a Twitter shareholder who claims the Tesla CEO‚Äòs delay in disclosing his ownership of more than 5% of the social-media company artificially kept its share price down  https://t.co/yCCDCMy9eh,en,[],['https://trib.al/MSRzprW'],[],113,133,524,[],[],https://twitter.com/business/status/1514031891183247373,False,,0,,,,,,,,[],,,,
1507477619788460032,1507477619788460032,2022-03-25 18:00:46 Eastern Daylight Time,2022-03-25,18:00:46,-0400,1308211178,teslarati,TESLARATI,,"Tesla will resolve an issue with Model 3, Model S, and Model X rearview camera delay issues after the NHTSA issued a recall for the malfunction   https://t.co/NtSAIVK9T6  https://t.co/neqQ2KGTpJ",en,[],['https://www.teslarati.com/tesla-recall-for-rearview-image-display-delay-in-autopilot-computer-2-5-vehicles/'],['https://pbs.twimg.com/media/FOui6BtXMAMCrmt.jpg'],10,21,227,[],[],https://twitter.com/Teslarati/status/1507477619788460032,False,,1,https://pbs.twimg.com/media/FOui6BtXMAMCrmt.jpg,,,,,,,[],,,,
1506779247800639495,1506779247800639495,2022-03-23 19:45:41 Eastern Daylight Time,2022-03-23,19:45:41,-0400,1396523472734543878,veveviral,VeVeViral‚≠ïÔ∏èü¶á,,"Imagine looking your kids in the face&amp; telling them you jumped ship on the company who produced the 1st ever officially licensed NFTs for the following brands &amp; more just because you got too emotional by a few delays  Eth, Tesla, &amp; every builderüè° I know have handed me delays ü§∑‚Äç‚ôÇÔ∏è  https://t.co/ox9IQCVIKf",en,[],[],['https://pbs.twimg.com/media/FOknvZBWUAQZAWV.jpg'],20,26,193,[],[],https://twitter.com/VeVeViral/status/1506779247800639495,False,,1,https://pbs.twimg.com/media/FOknvZBWUAQZAWV.jpg,,,,,,,[],,,,
1506353939310120960,1506353939310120960,2022-03-22 15:35:40 Eastern Daylight Time,2022-03-22,15:35:40,-0400,17469289,nypost,New York Post,,Elon Musk dances as Tesla opens $5.5 billion German factory after lengthy delay  https://t.co/L3KsfyYiVK  https://t.co/b5QNDER8X7,en,[],['https://trib.al/7XUIOf0'],['https://pbs.twimg.com/media/FOek7KzXIAAHWp6.jpg'],17,35,175,[],[],https://twitter.com/nypost/status/1506353939310120960,False,,1,https://pbs.twimg.com/media/FOek7KzXIAAHWp6.jpg,,,,,,,[],,,,
1505924762769498113,1505924762769498113,2022-03-21 11:10:16 Eastern Daylight Time,2022-03-21,11:10:16,-0400,930773590227718144,squawksquare,squawksquare,,People are starting to wake up to the fact that EV is the direction to go. These painful gas prices are fuel for $TSLA demand and Tesla is the only one able to get cars to owners these days. Granted a small delay due to demand but they are only brand people want to buy.,en,[],[],[],14,12,225,[],['tsla'],https://twitter.com/squawksquare/status/1505924762769498113,False,,0,,,,,,,,[],,,,
1505734724861546506,1505734724861546506,2022-03-20 22:35:08 Eastern Daylight Time,2022-03-20,22:35:08,-0400,435266378,tslafanmtl,James Cat,,Any Tesla bear thesis that cites EV shr is just moronic.   Real risks to $TSLA?  1. Geopolitical risks from China. 2. Regulatory risk from FSD. 3. 4680 ramp delays.  Not worried about inflation/commodities - they will pass these off.  Not worried about competition- there is none.,en,[],[],[],45,18,384,[],['tsla'],https://twitter.com/TSLAFanMtl/status/1505734724861546506,False,,0,,,,,,,,[],,,,
1504813341868503041,1504812558267654147,2022-03-18 09:33:53 Eastern Daylight Time,2022-03-18,09:33:53,-0400,1261836135984234499,decadeinvestor,Decade Investorüí∏,,12. Delay gratification  I really want a Tesla. But I know that kind of purchase will set me back on my goals.   You have to be able to not give up what you want most for what you want now.,en,[],[],[],1,13,162,[],[],https://twitter.com/DecadeInvestor/status/1504813341868503041,False,,0,,,,,,,,[],,,,
1502041928560525319,1502041928560525319,2022-03-10 17:01:17 Eastern Standard Time,2022-03-10,17:01:17,-0400,1891957230,tesla_indiana,Tesla Indianaüîã‚ö°Ô∏èüåé,,Tesla‚Äôs decision to delay Cybertruck to ‚Äò23 and push out as many Model Y/3s as possible this year was clearly the right decision @MartinViecha @elonmusk ‚Ä¶mass production for the win,en,"[{'screen_name': 'martinviecha', 'name': 'martin viecha', 'id': '319083083'}, {'screen_name': 'elonmusk', 'name': 'elon musk', 'id': '44196397'}]",[],[],79,72,1217,[],[],https://twitter.com/Tesla_Indiana/status/1502041928560525319,False,,0,,,,,,,,[],,,,
1500302647982759940,1500302647982759940,2022-03-05 21:50:00 Eastern Standard Time,2022-03-05,21:50:00,-0400,1652541,reuters,Reuters,,"Tesla received a conditional go-ahead for its German gigafactory near Berlin, the state of Brandenburg said, ending months of delay for the $5.5 billion landmark plant  https://t.co/HK45Sn9sYT $TSLA  https://t.co/PZtB3wYt4I",en,[],['https://reut.rs/3pBhghS'],[],14,50,195,[],['tsla'],https://twitter.com/Reuters/status/1500302647982759940,False,,1,https://pbs.twimg.com/amplify_video_thumb/1500110829655527424/img/s1K5PQxVPoGfbDIG.jpg,,,,,,,[],,,,
1500121454305845250,1500121454305845250,2022-03-05 09:50:00 Eastern Standard Time,2022-03-05,09:50:00,-0400,1652541,reuters,Reuters,,"Tesla received a conditional go-ahead for its German gigafactory near Berlin, the state of Brandenburg said, ending months of delay for the plant  https://t.co/HK45Sn9sYT $TSLA  https://t.co/jlhc8CtpSY",en,[],['https://reut.rs/3pBhghS'],[],16,46,186,[],['tsla'],https://twitter.com/Reuters/status/1500121454305845250,False,,1,https://pbs.twimg.com/amplify_video_thumb/1500110829655527424/img/s1K5PQxVPoGfbDIG.jpg,,,,,,,[],,,,
1496823523452534787,1496823523452534787,2022-02-24 07:25:12 Eastern Standard Time,2022-02-24,07:25:12,-0400,718747351792398336,alex_avoigt,Alex,,"Many who claimed Tesla should have located üá©üá™ Giga Berlin in Eastern Europe because of the ""delays"" may now understand why Germany is a great location!",en,[],[],[],125,29,767,[],[],https://twitter.com/alex_avoigt/status/1496823523452534787,False,,0,,,,,,,,[],,,,
1496390213584699392,1496390213584699392,2022-02-23 02:43:23 Eastern Standard Time,2022-02-23,02:43:23,-0400,3424441204,bagholderquotes,Bag Holder,,"‚ÄúHalf my net worth is tied to Tesla. My best advice is halt all spending that you possibly can, delay big purchases, and just try to do best you can to increase income in order to not to sell stock. These times really suck.‚Äù $TSLA  https://t.co/UYKiOg2Xqn",en,[],[],['https://pbs.twimg.com/tweet_video_thumb/FMQ-9bvXEAAuMyA.jpg'],3,10,85,[],['tsla'],https://twitter.com/BagholderQuotes/status/1496390213584699392,False,,1,https://pbs.twimg.com/tweet_video_thumb/FMQ-9bvXEAAuMyA.jpg,,,,,,,[],,,,
1496159498330775556,1496159498330775556,2022-02-22 11:26:36 Eastern Standard Time,2022-02-22,11:26:36,-0400,349249475,gerberkawasaki,Ross Gerber,,WSJ reporting tesla Berlin could be approved at any time. Delays from a change in plans to expand battery production. Worth it. Expect to see this approved any day. $tsla,en,[],[],[],56,69,1039,[],['tsla'],https://twitter.com/GerberKawasaki/status/1496159498330775556,False,,0,,,,,,,,[],,,,
1492650986309136386,1492650986309136386,2022-02-12 19:05:01 Eastern Standard Time,2022-02-12,19:05:01,-0400,2694154514,jefftutorials,Jeff üíô‚úåÔ∏è,,I cannot stand chatting with my Tesla delivery advisor over SMS.   It's slow and there are major delays between responses.  Why can't Tesla build a chat interface in the Tesla mobile app with read receipts and attachments?  Yo @elonmusk ^^^,en,"[{'screen_name': 'elonmusk', 'name': 'elon musk', 'id': '44196397'}]",[],[],191,112,4500,[],[],https://twitter.com/JeffTutorials/status/1492650986309136386,False,,0,,,,,,,,[],,,,
1492483815129894913,1492483815129894913,2022-02-12 08:00:45 Eastern Standard Time,2022-02-12,08:00:45,-0400,1308211178,teslarati,TESLARATI,,Tesla factory delays show 'how we stand in our own way': German industry experts sound off  https://t.co/sLwdrlfl1C by @KlenderJoey,en,"[{'screen_name': 'klenderjoey', 'name': 'joey klender üá∫üá¶', 'id': '1166039075847114752'}]",['https://www.teslarati.com/tesla-factory-delays-show-how-we-stand-in-our-own-way-german-industry-experts-sound-off/'],[],30,55,563,[],[],https://twitter.com/Teslarati/status/1492483815129894913,False,,0,,,,,,,,[],,,,
1492090958778937344,1492090958778937344,2022-02-11 05:59:40 Eastern Standard Time,2022-02-11,05:59:40,-0400,1308211178,teslarati,TESLARATI,,Tesla Giga Berlin‚Äôs delays are shining a light on Germany‚Äôs cumbersome approval processes  https://t.co/OUNqId93FS by @ResidentSponge,en,"[{'screen_name': 'residentsponge', 'name': 'simon alvarez', 'id': '798749450223030272'}]",['https://www.teslarati.com/tesla-giga-berlin-delays-analyzed-officials/'],[],28,48,418,[],[],https://twitter.com/Teslarati/status/1492090958778937344,False,,0,,,,,,,,[],,,,
1491886080571973635,1491886080571973635,2022-02-10 16:25:34 Eastern Standard Time,2022-02-10,16:25:34,-0400,718747351792398336,alex_avoigt,Alex,,"üá©üá™ Giga Berlin  Brandenburgs Wirtschaftsminister J√∂rg Steinbach, ""The Tesla settlement is a showcase project and even if there are delays, overall we can talk about a tremendously fast project""  True for German standards",en,[],[],[],66,31,459,[],[],https://twitter.com/alex_avoigt/status/1491886080571973635,False,,0,,,,,,,,[],,,,
1491494923291480070,1491494923291480070,2022-02-09 14:31:15 Eastern Standard Time,2022-02-09,14:31:15,-0400,1308211178,teslarati,TESLARATI,,Tesla Gigafactory Berlin approval delays push back production start to mid-March: rbb24  https://t.co/QcwlgjnDrL by @KlenderJoey,en,"[{'screen_name': 'klenderjoey', 'name': 'joey klender üá∫üá¶', 'id': '1166039075847114752'}]",['https://www.teslarati.com/tesla-gigafactory-berlin-production-approval-delays-mid-march-rbb24/'],[],42,38,348,[],[],https://twitter.com/Teslarati/status/1491494923291480070,False,,0,,,,,,,,[],,,,
1491463256745164806,1491462281124884480,2022-02-09 12:25:25 Eastern Standard Time,2022-02-09,12:25:25,-0400,718747351792398336,alex_avoigt,Alex,,"Further delay arises because the authorities still have to issue an operating permit after the construction permit  According to rbb research, Tesla may not let the first cars roll off the assembly line for sale until mid-March at the earliest",en,[],[],[],31,8,129,[],[],https://twitter.com/alex_avoigt/status/1491463256745164806,False,,0,,,,,,,,[],,,,
1491462281124884480,1491462281124884480,2022-02-09 12:21:32 Eastern Standard Time,2022-02-09,12:21:32,-0400,718747351792398336,alex_avoigt,Alex,,RBB reports the current üá©üá™ Giga Berlin permit delay is due to authorities who are still reviewing the safety precautions  Tesla had repeatedly changed quantities for toxic chemicals that could leak in accidents and plans for cleaning up wastewater also still need to be examined,en,[],[],[],41,18,208,[],[],https://twitter.com/alex_avoigt/status/1491462281124884480,False,,0,,,,,,,,[],,,,
1490369919409610753,1490369919409610753,2022-02-06 12:00:53 Eastern Standard Time,2022-02-06,12:00:53,-0400,809837854981582848,ctr4autosafety,Center for Auto Safety,,"With such a high number and frequency of @Tesla recalls, combined with delays in providing remedies, @NHTSAgov should seek the maximum civil penalty available for such behavior.  https://t.co/jBR0ec6Mtr  https://t.co/csgqKJ8ej4",en,"[{'screen_name': 'tesla', 'name': 'tesla', 'id': '13298072'}, {'screen_name': 'nhtsagov', 'name': 'nhtsagov', 'id': '49706919'}]",['https://tinyurl.com/3n3u9x96'],['https://pbs.twimg.com/media/FK7bi0sXwAMpXZR.png'],73,40,224,[],[],https://twitter.com/Ctr4AutoSafety/status/1490369919409610753,False,,1,https://pbs.twimg.com/media/FK7bi0sXwAMpXZR.png,,,,,,,[],,,,
1488128458819473413,1488128458819473413,2022-01-31 07:34:07 Eastern Standard Time,2022-01-31,07:34:07,-0400,1263491240336769026,wholemarsblog,Whole Mars Catalog,,"General Motors says they‚Äôll try and build their cell plants close to all their assembly lines to minimize shipping delays + costs.   Tesla is instead building one massive factory where cell production, pack assembly, and car body are all built under one roof.  https://t.co/bNcObbdrID",en,[],[],"['https://pbs.twimg.com/media/FKbk8kRVEA0rlqw.jpg', 'https://pbs.twimg.com/media/FKbk8kSUUAAv6WB.jpg']",11,11,140,[],[],https://twitter.com/WholeMarsBlog/status/1488128458819473413,False,,1,https://pbs.twimg.com/media/FKbk8kRVEA0rlqw.jpg,,,,,,,[],,,,
1486545349942472704,1486545349942472704,2022-01-26 22:43:24 Eastern Standard Time,2022-01-26,22:43:24,-0400,1121921810491035648,yingshirleymen1,Ying Shirley Meng,,"(#Battery) after listening to #TSLA earning call after work: 1. 4680 is a reality and focus is scaling (USA made) 2. Structural battery pack coming up  3. No roadster yet - darn‚Ä¶have to delay my upgrade  4. Chip shortage is an issue, not battery - surprising  Bravo @Tesla team!",en,"[{'screen_name': 'tesla', 'name': 'tesla', 'id': '13298072'}]",[],[],6,15,386,"['battery', 'tsla']",[],https://twitter.com/YingShirleyMen1/status/1486545349942472704,False,,0,,,,,,,,[],,,,
1482849426951573508,1482849426951573508,2022-01-16 17:57:08 Eastern Standard Time,2022-01-16,17:57:08,-0400,302045293,alpsoy66,Alp,,"Oh man, Tesla white noise is deafening prior to FY financial results!. Incredible!.. Ford‚Äôs name is popping up in almost every FUD campaign. NYT anti- FSD autopilot ad, CR rigged autopilot Review. Cybertruck alleged delay. Ford is playing dirtier and dirtier! $tsla @elonmusk",en,"[{'screen_name': 'elonmusk', 'name': 'elon musk', 'id': '44196397'}]",[],[],38,29,372,[],['tsla'],https://twitter.com/Alpsoy66/status/1482849426951573508,False,,0,,,,,,,,[],,,,
1482681359370002436,1482681315111616514,2022-01-16 06:49:17 Eastern Standard Time,2022-01-16,06:49:17,-0400,998140573008695296,28delayslater,üá∫üá¶ ü¶ä Earl of FrunkPuppy üá∫üá¶,,The Cybertruck delay (of a month or so?) rumor is used to smear Tesla and Elon. To let you know that the truck will never exist and if it does it‚Äôs now too late and competition will take all of the sales (despite their stated low production plans and massive Cybertruck orders)  https://t.co/4dny64mfB3,en,[],[],['https://pbs.twimg.com/media/FJOK1ooXoAYMbx0.jpg'],1,1,117,[],[],https://twitter.com/28delayslater/status/1482681359370002436,False,,1,https://pbs.twimg.com/media/FJOK1ooXoAYMbx0.jpg,,,,,,,[],,,,
1482200213993373696,1482200213993373696,2022-01-14 22:57:23 Eastern Standard Time,2022-01-14,22:57:23,-0400,1332487276471808000,theblakecheck,Blake Check üá∫üá¶,,Plot twist: Cybertruck delays accelerate the world's transition to sustainable energy by motivating legacy auto to build more electric trucks faster to beat @Tesla to market.,en,"[{'screen_name': 'tesla', 'name': 'tesla', 'id': '13298072'}]",[],[],15,13,220,[],[],https://twitter.com/TheBlakeCheck/status/1482200213993373696,False,,0,,,,,,,,[],,,,
1481904535085928452,1481904535085928452,2022-01-14 03:22:28 Eastern Standard Time,2022-01-14,03:22:28,-0400,275686563,verge,The Verge,,"Tesla delays Cybertruck to early 2023, says report  https://t.co/lrSGQaEK8s  https://t.co/ZXyIjVBQf5",en,[],['https://www.theverge.com/2022/1/13/22881646/tesla-cybertruck-production-date-2022-removed-website'],['https://pbs.twimg.com/media/FJDISkdXMAUbZDw.jpg'],28,36,336,[],[],https://twitter.com/verge/status/1481904535085928452,False,,1,https://pbs.twimg.com/media/FJDISkdXMAUbZDw.jpg,,,,,,,[],,,,
1481865047852953600,1481865047852953600,2022-01-14 00:45:33 Eastern Standard Time,2022-01-14,00:45:33,-0400,988955288,investingcom,Investing.com,,*TESLA DELAYS INITIAL PRODUCTION OF CYBERTRUCK TO EARLY 2023 - SOURCE  $TSLA  https://t.co/UEaBlCAStq,en,[],[],['https://pbs.twimg.com/tweet_video_thumb/FJCkZr3XEAEY2BE.jpg'],13,20,182,[],['tsla'],https://twitter.com/Investingcom/status/1481865047852953600,False,,1,https://pbs.twimg.com/tweet_video_thumb/FJCkZr3XEAEY2BE.jpg,,,,,,,[],,,,
1481850761856303110,1481850761856303110,2022-01-13 23:48:47 Eastern Standard Time,2022-01-13,23:48:47,-0400,1652541,reuters,Reuters,,"EXCLUSIVE: Tesla aims to start initial production of its Cybertruck by the end of the first quarter of 2023, pushing back its plan to begin production late this year. The delay comes as Tesla is changing features and functions as competition heats up  https://t.co/eS5ZuavPAE  https://t.co/EfTj36erF4",en,[],['https://reut.rs/3KdCn28'],['https://pbs.twimg.com/media/FJCXamLWUAI8QGO.jpg'],33,39,131,[],[],https://twitter.com/Reuters/status/1481850761856303110,False,,1,https://pbs.twimg.com/media/FJCXamLWUAI8QGO.jpg,,,,,,,[],,,,
1481773765784702979,1481773765784702979,2022-01-13 18:42:50 Eastern Standard Time,2022-01-13,18:42:50,-0400,262230241,nod008,NOD,,TESLA DELAYS INITIAL PRODUCTION OF CYBERTRUCK TO EARLY 2023 -SOURCE  https://t.co/WCrhFcFC0y,en,[],[],['https://pbs.twimg.com/tweet_video_thumb/FJBRYC7XwAEr5hb.jpg'],23,36,191,[],[],https://twitter.com/NOD008/status/1481773765784702979,False,,1,https://pbs.twimg.com/tweet_video_thumb/FJBRYC7XwAEr5hb.jpg,,,,,,,[],,,,
1481662299085619202,1481662299085619202,2022-01-13 11:19:54 Eastern Standard Time,2022-01-13,11:19:54,-0400,294548572,iamtomnash,Tom Nash,,Seeking alpha headline: Tesla delays cybertruck to 2023! - only problem is that Elon was saying 2023 for cybertruck for months now‚Ä¶ pathetic,en,[],[],[],20,7,339,[],[],https://twitter.com/iamtomnash/status/1481662299085619202,False,,0,,,,,,,,[],,,,
1481592388648943618,1481328540646019074,2022-01-13 06:42:06 Eastern Standard Time,2022-01-13,06:42:06,-0400,105207637,thepolllady,The Poll Lady,,@BefittingFacts @Cokedupoptions @elonmusk @PPathole @Tesla Elon Musk blaming the Indian government over delay in Tesla entering Indian market is a big joke.   Elon just wants to reduce the import duties on teslas from China and government wants him to manufacture in India.,en,[],[],[],12,146,1458,[],[],https://twitter.com/ThePollLady/status/1481592388648943618,False,,0,,,,,,,,"[{'screen_name': 'BefittingFacts', 'name': 'Facts', 'id': '1289235667516456962'}, {'screen_name': 'Cokedupoptions', 'name': 'John W. Rich (Fake Tech Exec)', 'id': '1289342590299512832'}, {'screen_name': 'elonmusk', 'name': 'Elon Musk', 'id': '44196397'}, {'screen_name': 'PPathole', 'name': 'Pranay Pathole', 'id': '1291945442'}, {'screen_name': 'Tesla', 'name': 'Tesla', 'id': '13298072'}]",,,,
1477681582722932740,1477681582722932740,2022-01-02 11:41:57 Eastern Standard Time,2022-01-02,11:41:57,-0400,1045479441768566784,energyvest,energyvest üá∫üá¶ü¶ä,,"Tesla delivered *+87% deliveries growth* during 2021, despite the chip shortages, supply chain problems, delays to Berlin production start, and so on. Just incredible execution. Massive kudos to the @tesla team and @elonmusk.",en,"[{'screen_name': 'tesla', 'name': 'tesla', 'id': '13298072'}, {'screen_name': 'elonmusk', 'name': 'elon musk', 'id': '44196397'}]",[],[],0,5,97,[],[],https://twitter.com/energyvest/status/1477681582722932740,False,,0,,,,,,,,[],,,,
1517966235706740736,1517966235706740736,2022-04-23 16:38:47 Eastern Daylight Time,2022-04-23,16:38:47,-0400,54656122,faboisme,Fabo üí≥,,"First off, we don't comment on any legal matters. So don't ask. Second, delays happen. Eth 2.0, tesla cybertruck, and other products from other companies get delayed. We continue to work on the products we have announced and are looking forward to releasing them -John  #SAFEMOON  https://t.co/zttf5js8FX",en,[],[],['https://pbs.twimg.com/media/FRDmPv6XIAA4UsZ.jpg'],22,75,366,['safemoon'],[],https://twitter.com/FaboisMe/status/1517966235706740736,False,,1,https://pbs.twimg.com/media/FRDmPv6XIAA4UsZ.jpg,,,,,,,[],,,,
1517965188284264448,1517965188284264448,2022-04-23 16:34:37 Eastern Daylight Time,2022-04-23,16:34:37,-0400,1381346458843160577,safemoonwarrior,üî•SafeMoonWarrior,,"#SAFEMOON  ‚ÄúFirst off, we don't comment on any legal matters. So don't ask. Second, delays happen. Eth 2.0, tesla cybertruck, and .. from other companies get delayed.    We continue to work on the products we have announced, and are looking forward to releasing them.‚Äù ‚ÄîJ. Karony  https://t.co/cAL1oBMuI1",en,[],[],['https://pbs.twimg.com/media/FRDlAxzXEAISEAI.jpg'],77,205,908,['safemoon'],[],https://twitter.com/SafemoonWarrior/status/1517965188284264448,False,,1,https://pbs.twimg.com/media/FRDlAxzXEAISEAI.jpg,,,,,,,[],,,,
1517352610591817729,1517352610591817729,2022-04-22 00:00:28 Eastern Daylight Time,2022-04-22,00:00:28,-0400,1308211178,teslarati,TESLARATI,,Tesla‚Äôs Solar deployments figures were hit hard by chip shortages and import delays ‚Äúbeyond our control‚Äù in 2022‚Äôs first quarter.  https://t.co/KaBc4mTFgN  https://t.co/zx9ubPkQBf,en,[],['https://www.teslarati.com/tesla-energy-solar-suffered-in-q1-but-musk-still-expects-a-positive-year/'],['https://pbs.twimg.com/media/FQ64KLNXsAA_2c7.jpg'],3,6,146,[],[],https://twitter.com/Teslarati/status/1517352610591817729,False,,1,https://pbs.twimg.com/media/FQ64KLNXsAA_2c7.jpg,,,,,,,[],,,,
1516886075905839104,1516886075905839104,2022-04-20 17:06:37 Eastern Daylight Time,2022-04-20,17:06:37,-0400,31263848,stevenmarkryan,stevenmarkryan,," https://t.co/NpemWnoCYM - Tesla earnings call live steam starts soon. Come say hi in the chat!  FYI, there will be a SHORT delay before the stream starts: This is so extra info (e.g. who is speaking, their price target on Tesla etc) can be added for more context during the call.",en,[],['https://youtu.be/C1Ubegex5SI'],[],13,14,142,[],[],https://twitter.com/stevenmarkryan/status/1516886075905839104,False,,0,,,,,,,,[],,,,
1516001274638045193,1516001274638045193,2022-04-18 06:30:44 Eastern Daylight Time,2022-04-18,06:30:44,-0400,2148233600,electrekco,Electrek.co,,"Tesla brings back workers to Giga Shanghai, but delays production restart by a day  https://t.co/393WmHANcU by @fredericlambert",en,"[{'screen_name': 'fredericlambert', 'name': 'fred lambert', 'id': '38253449'}]",['https://electrek.co/2022/04/18/tesla-brings-back-workers-giga-shanghai-but-delays-production-restart/'],[],1,6,65,[],[],https://twitter.com/ElectrekCo/status/1516001274638045193,False,,0,,,,,,,,[],,,,
1514285942688862213,1514285942688862213,2022-04-13 12:54:37 Eastern Daylight Time,2022-04-13,12:54:37,-0400,1396523472734543878,veveviral,VeVeViral‚≠ïÔ∏èü¶á,,Ah okay I guess putting up with moonboys who can‚Äôt emotionally handle delays related to tech or compliance is a universal problem haha üòÖ $OMI ‚≠ïÔ∏è #VeVe  Did I mention the @Tesla CyberTruck has been delayed until 2023 ‚Äî two years after it was originally promised üòÖ  Relax peopleü§∑‚Äç‚ôÇÔ∏è  https://t.co/OiXGQmjW7b,en,"[{'screen_name': 'tesla', 'name': 'tesla', 'id': '13298072'}]",[],['https://pbs.twimg.com/media/FQPTCj3XMAIop3R.jpg'],9,10,72,['veve'],['omi'],https://twitter.com/VeVeViral/status/1514285942688862213,False,,1,https://pbs.twimg.com/media/FQPTCj3XMAIop3R.jpg,,,,,,,[],,,,
1514031891183247373,1514031891183247373,2022-04-12 20:05:06 Eastern Daylight Time,2022-04-12,20:05:06,-0400,34713362,business,Bloomberg,,Elon Musk was sued by a Twitter shareholder who claims the Tesla CEO‚Äòs delay in disclosing his ownership of more than 5% of the social-media company artificially kept its share price down  https://t.co/yCCDCMy9eh,en,[],['https://trib.al/MSRzprW'],[],113,133,524,[],[],https://twitter.com/business/status/1514031891183247373,False,,0,,,,,,,,[],,,,
1507477619788460032,1507477619788460032,2022-03-25 18:00:46 Eastern Daylight Time,2022-03-25,18:00:46,-0400,1308211178,teslarati,TESLARATI,,"Tesla will resolve an issue with Model 3, Model S, and Model X rearview camera delay issues after the NHTSA issued a recall for the malfunction   https://t.co/NtSAIVK9T6  https://t.co/neqQ2KGTpJ",en,[],['https://www.teslarati.com/tesla-recall-for-rearview-image-display-delay-in-autopilot-computer-2-5-vehicles/'],['https://pbs.twimg.com/media/FOui6BtXMAMCrmt.jpg'],10,21,227,[],[],https://twitter.com/Teslarati/status/1507477619788460032,False,,1,https://pbs.twimg.com/media/FOui6BtXMAMCrmt.jpg,,,,,,,[],,,,
1506779247800639495,1506779247800639495,2022-03-23 19:45:41 Eastern Daylight Time,2022-03-23,19:45:41,-0400,1396523472734543878,veveviral,VeVeViral‚≠ïÔ∏èü¶á,,"Imagine looking your kids in the face&amp; telling them you jumped ship on the company who produced the 1st ever officially licensed NFTs for the following brands &amp; more just because you got too emotional by a few delays  Eth, Tesla, &amp; every builderüè° I know have handed me delays ü§∑‚Äç‚ôÇÔ∏è  https://t.co/ox9IQCVIKf",en,[],[],['https://pbs.twimg.com/media/FOknvZBWUAQZAWV.jpg'],20,26,193,[],[],https://twitter.com/VeVeViral/status/1506779247800639495,False,,1,https://pbs.twimg.com/media/FOknvZBWUAQZAWV.jpg,,,,,,,[],,,,
1506353939310120960,1506353939310120960,2022-03-22 15:35:40 Eastern Daylight Time,2022-03-22,15:35:40,-0400,17469289,nypost,New York Post,,Elon Musk dances as Tesla opens $5.5 billion German factory after lengthy delay  https://t.co/L3KsfyYiVK  https://t.co/b5QNDER8X7,en,[],['https://trib.al/7XUIOf0'],['https://pbs.twimg.com/media/FOek7KzXIAAHWp6.jpg'],17,35,175,[],[],https://twitter.com/nypost/status/1506353939310120960,False,,1,https://pbs.twimg.com/media/FOek7KzXIAAHWp6.jpg,,,,,,,[],,,,
1505924762769498113,1505924762769498113,2022-03-21 11:10:16 Eastern Daylight Time,2022-03-21,11:10:16,-0400,930773590227718144,squawksquare,squawksquare,,People are starting to wake up to the fact that EV is the direction to go. These painful gas prices are fuel for $TSLA demand and Tesla is the only one able to get cars to owners these days. Granted a small delay due to demand but they are only brand people want to buy.,en,[],[],[],14,12,225,[],['tsla'],https://twitter.com/squawksquare/status/1505924762769498113,False,,0,,,,,,,,[],,,,
1505734724861546506,1505734724861546506,2022-03-20 22:35:08 Eastern Daylight Time,2022-03-20,22:35:08,-0400,435266378,tslafanmtl,James Cat,,Any Tesla bear thesis that cites EV shr is just moronic.   Real risks to $TSLA?  1. Geopolitical risks from China. 2. Regulatory risk from FSD. 3. 4680 ramp delays.  Not worried about inflation/commodities - they will pass these off.  Not worried about competition- there is none.,en,[],[],[],45,18,384,[],['tsla'],https://twitter.com/TSLAFanMtl/status/1505734724861546506,False,,0,,,,,,,,[],,,,
1504813341868503041,1504812558267654147,2022-03-18 09:33:53 Eastern Daylight Time,2022-03-18,09:33:53,-0400,1261836135984234499,decadeinvestor,Decade Investorüí∏,,12. Delay gratification  I really want a Tesla. But I know that kind of purchase will set me back on my goals.   You have to be able to not give up what you want most for what you want now.,en,[],[],[],1,13,162,[],[],https://twitter.com/DecadeInvestor/status/1504813341868503041,False,,0,,,,,,,,[],,,,
1502041928560525319,1502041928560525319,2022-03-10 17:01:17 Eastern Standard Time,2022-03-10,17:01:17,-0400,1891957230,tesla_indiana,Tesla Indianaüîã‚ö°Ô∏èüåé,,Tesla‚Äôs decision to delay Cybertruck to ‚Äò23 and push out as many Model Y/3s as possible this year was clearly the right decision @MartinViecha @elonmusk ‚Ä¶mass production for the win,en,"[{'screen_name': 'martinviecha', 'name': 'martin viecha', 'id': '319083083'}, {'screen_name': 'elonmusk', 'name': 'elon musk', 'id': '44196397'}]",[],[],79,72,1217,[],[],https://twitter.com/Tesla_Indiana/status/1502041928560525319,False,,0,,,,,,,,[],,,,
1500302647982759940,1500302647982759940,2022-03-05 21:50:00 Eastern Standard Time,2022-03-05,21:50:00,-0400,1652541,reuters,Reuters,,"Tesla received a conditional go-ahead for its German gigafactory near Berlin, the state of Brandenburg said, ending months of delay for the $5.5 billion landmark plant  https://t.co/HK45Sn9sYT $TSLA  https://t.co/PZtB3wYt4I",en,[],['https://reut.rs/3pBhghS'],[],14,50,195,[],['tsla'],https://twitter.com/Reuters/status/1500302647982759940,False,,1,https://pbs.twimg.com/amplify_video_thumb/1500110829655527424/img/s1K5PQxVPoGfbDIG.jpg,,,,,,,[],,,,
1500121454305845250,1500121454305845250,2022-03-05 09:50:00 Eastern Standard Time,2022-03-05,09:50:00,-0400,1652541,reuters,Reuters,,"Tesla received a conditional go-ahead for its German gigafactory near Berlin, the state of Brandenburg said, ending months of delay for the plant  https://t.co/HK45Sn9sYT $TSLA  https://t.co/jlhc8CtpSY",en,[],['https://reut.rs/3pBhghS'],[],16,46,186,[],['tsla'],https://twitter.com/Reuters/status/1500121454305845250,False,,1,https://pbs.twimg.com/amplify_video_thumb/1500110829655527424/img/s1K5PQxVPoGfbDIG.jpg,,,,,,,[],,,,
1496823523452534787,1496823523452534787,2022-02-24 07:25:12 Eastern Standard Time,2022-02-24,07:25:12,-0400,718747351792398336,alex_avoigt,Alex,,"Many who claimed Tesla should have located üá©üá™ Giga Berlin in Eastern Europe because of the ""delays"" may now understand why Germany is a great location!",en,[],[],[],125,29,767,[],[],https://twitter.com/alex_avoigt/status/1496823523452534787,False,,0,,,,,,,,[],,,,
1496390213584699392,1496390213584699392,2022-02-23 02:43:23 Eastern Standard Time,2022-02-23,02:43:23,-0400,3424441204,bagholderquotes,Bag Holder,,"‚ÄúHalf my net worth is tied to Tesla. My best advice is halt all spending that you possibly can, delay big purchases, and just try to do best you can to increase income in order to not to sell stock. These times really suck.‚Äù $TSLA  https://t.co/UYKiOg2Xqn",en,[],[],['https://pbs.twimg.com/tweet_video_thumb/FMQ-9bvXEAAuMyA.jpg'],3,10,85,[],['tsla'],https://twitter.com/BagholderQuotes/status/1496390213584699392,False,,1,https://pbs.twimg.com/tweet_video_thumb/FMQ-9bvXEAAuMyA.jpg,,,,,,,[],,,,
1496159498330775556,1496159498330775556,2022-02-22 11:26:36 Eastern Standard Time,2022-02-22,11:26:36,-0400,349249475,gerberkawasaki,Ross Gerber,,WSJ reporting tesla Berlin could be approved at any time. Delays from a change in plans to expand battery production. Worth it. Expect to see this approved any day. $tsla,en,[],[],[],56,69,1039,[],['tsla'],https://twitter.com/GerberKawasaki/status/1496159498330775556,False,,0,,,,,,,,[],,,,
1492650986309136386,1492650986309136386,2022-02-12 19:05:01 Eastern Standard Time,2022-02-12,19:05:01,-0400,2694154514,jefftutorials,Jeff üíô‚úåÔ∏è,,I cannot stand chatting with my Tesla delivery advisor over SMS.   It's slow and there are major delays between responses.  Why can't Tesla build a chat interface in the Tesla mobile app with read receipts and attachments?  Yo @elonmusk ^^^,en,"[{'screen_name': 'elonmusk', 'name': 'elon musk', 'id': '44196397'}]",[],[],191,112,4500,[],[],https://twitter.com/JeffTutorials/status/1492650986309136386,False,,0,,,,,,,,[],,,,
1492483815129894913,1492483815129894913,2022-02-12 08:00:45 Eastern Standard Time,2022-02-12,08:00:45,-0400,1308211178,teslarati,TESLARATI,,Tesla factory delays show 'how we stand in our own way': German industry experts sound off  https://t.co/sLwdrlfl1C by @KlenderJoey,en,"[{'screen_name': 'klenderjoey', 'name': 'joey klender üá∫üá¶', 'id': '1166039075847114752'}]",['https://www.teslarati.com/tesla-factory-delays-show-how-we-stand-in-our-own-way-german-industry-experts-sound-off/'],[],30,55,563,[],[],https://twitter.com/Teslarati/status/1492483815129894913,False,,0,,,,,,,,[],,,,
1492090958778937344,1492090958778937344,2022-02-11 05:59:40 Eastern Standard Time,2022-02-11,05:59:40,-0400,1308211178,teslarati,TESLARATI,,Tesla Giga Berlin‚Äôs delays are shining a light on Germany‚Äôs cumbersome approval processes  https://t.co/OUNqId93FS by @ResidentSponge,en,"[{'screen_name': 'residentsponge', 'name': 'simon alvarez', 'id': '798749450223030272'}]",['https://www.teslarati.com/tesla-giga-berlin-delays-analyzed-officials/'],[],28,48,418,[],[],https://twitter.com/Teslarati/status/1492090958778937344,False,,0,,,,,,,,[],,,,
1491886080571973635,1491886080571973635,2022-02-10 16:25:34 Eastern Standard Time,2022-02-10,16:25:34,-0400,718747351792398336,alex_avoigt,Alex,,"üá©üá™ Giga Berlin  Brandenburgs Wirtschaftsminister J√∂rg Steinbach, ""The Tesla settlement is a showcase project and even if there are delays, overall we can talk about a tremendously fast project""  True for German standards",en,[],[],[],66,31,459,[],[],https://twitter.com/alex_avoigt/status/1491886080571973635,False,,0,,,,,,,,[],,,,
1491494923291480070,1491494923291480070,2022-02-09 14:31:15 Eastern Standard Time,2022-02-09,14:31:15,-0400,1308211178,teslarati,TESLARATI,,Tesla Gigafactory Berlin approval delays push back production start to mid-March: rbb24  https://t.co/QcwlgjnDrL by @KlenderJoey,en,"[{'screen_name': 'klenderjoey', 'name': 'joey klender üá∫üá¶', 'id': '1166039075847114752'}]",['https://www.teslarati.com/tesla-gigafactory-berlin-production-approval-delays-mid-march-rbb24/'],[],42,38,348,[],[],https://twitter.com/Teslarati/status/1491494923291480070,False,,0,,,,,,,,[],,,,
1491463256745164806,1491462281124884480,2022-02-09 12:25:25 Eastern Standard Time,2022-02-09,12:25:25,-0400,718747351792398336,alex_avoigt,Alex,,"Further delay arises because the authorities still have to issue an operating permit after the construction permit  According to rbb research, Tesla may not let the first cars roll off the assembly line for sale until mid-March at the earliest",en,[],[],[],31,8,129,[],[],https://twitter.com/alex_avoigt/status/1491463256745164806,False,,0,,,,,,,,[],,,,
1491462281124884480,1491462281124884480,2022-02-09 12:21:32 Eastern Standard Time,2022-02-09,12:21:32,-0400,718747351792398336,alex_avoigt,Alex,,RBB reports the current üá©üá™ Giga Berlin permit delay is due to authorities who are still reviewing the safety precautions  Tesla had repeatedly changed quantities for toxic chemicals that could leak in accidents and plans for cleaning up wastewater also still need to be examined,en,[],[],[],41,18,208,[],[],https://twitter.com/alex_avoigt/status/1491462281124884480,False,,0,,,,,,,,[],,,,
1490369919409610753,1490369919409610753,2022-02-06 12:00:53 Eastern Standard Time,2022-02-06,12:00:53,-0400,809837854981582848,ctr4autosafety,Center for Auto Safety,,"With such a high number and frequency of @Tesla recalls, combined with delays in providing remedies, @NHTSAgov should seek the maximum civil penalty available for such behavior.  https://t.co/jBR0ec6Mtr  https://t.co/csgqKJ8ej4",en,"[{'screen_name': 'tesla', 'name': 'tesla', 'id': '13298072'}, {'screen_name': 'nhtsagov', 'name': 'nhtsagov', 'id': '49706919'}]",['https://tinyurl.com/3n3u9x96'],['https://pbs.twimg.com/media/FK7bi0sXwAMpXZR.png'],73,40,224,[],[],https://twitter.com/Ctr4AutoSafety/status/1490369919409610753,False,,1,https://pbs.twimg.com/media/FK7bi0sXwAMpXZR.png,,,,,,,[],,,,
1488128458819473413,1488128458819473413,2022-01-31 07:34:07 Eastern Standard Time,2022-01-31,07:34:07,-0400,1263491240336769026,wholemarsblog,Whole Mars Catalog,,"General Motors says they‚Äôll try and build their cell plants close to all their assembly lines to minimize shipping delays + costs.   Tesla is instead building one massive factory where cell production, pack assembly, and car body are all built under one roof.  https://t.co/bNcObbdrID",en,[],[],"['https://pbs.twimg.com/media/FKbk8kRVEA0rlqw.jpg', 'https://pbs.twimg.com/media/FKbk8kSUUAAv6WB.jpg']",11,11,140,[],[],https://twitter.com/WholeMarsBlog/status/1488128458819473413,False,,1,https://pbs.twimg.com/media/FKbk8kRVEA0rlqw.jpg,,,,,,,[],,,,
1486545349942472704,1486545349942472704,2022-01-26 22:43:24 Eastern Standard Time,2022-01-26,22:43:24,-0400,1121921810491035648,yingshirleymen1,Ying Shirley Meng,,"(#Battery) after listening to #TSLA earning call after work: 1. 4680 is a reality and focus is scaling (USA made) 2. Structural battery pack coming up  3. No roadster yet - darn‚Ä¶have to delay my upgrade  4. Chip shortage is an issue, not battery - surprising  Bravo @Tesla team!",en,"[{'screen_name': 'tesla', 'name': 'tesla', 'id': '13298072'}]",[],[],6,15,386,"['battery', 'tsla']",[],https://twitter.com/YingShirleyMen1/status/1486545349942472704,False,,0,,,,,,,,[],,,,
1482849426951573508,1482849426951573508,2022-01-16 17:57:08 Eastern Standard Time,2022-01-16,17:57:08,-0400,302045293,alpsoy66,Alp,,"Oh man, Tesla white noise is deafening prior to FY financial results!. Incredible!.. Ford‚Äôs name is popping up in almost every FUD campaign. NYT anti- FSD autopilot ad, CR rigged autopilot Review. Cybertruck alleged delay. Ford is playing dirtier and dirtier! $tsla @elonmusk",en,"[{'screen_name': 'elonmusk', 'name': 'elon musk', 'id': '44196397'}]",[],[],38,29,372,[],['tsla'],https://twitter.com/Alpsoy66/status/1482849426951573508,False,,0,,,,,,,,[],,,,
1482681359370002436,1482681315111616514,2022-01-16 06:49:17 Eastern Standard Time,2022-01-16,06:49:17,-0400,998140573008695296,28delayslater,üá∫üá¶ ü¶ä Earl of FrunkPuppy üá∫üá¶,,The Cybertruck delay (of a month or so?) rumor is used to smear Tesla and Elon. To let you know that the truck will never exist and if it does it‚Äôs now too late and competition will take all of the sales (despite their stated low production plans and massive Cybertruck orders)  https://t.co/4dny64mfB3,en,[],[],['https://pbs.twimg.com/media/FJOK1ooXoAYMbx0.jpg'],1,1,117,[],[],https://twitter.com/28delayslater/status/1482681359370002436,False,,1,https://pbs.twimg.com/media/FJOK1ooXoAYMbx0.jpg,,,,,,,[],,,,
1482200213993373696,1482200213993373696,2022-01-14 22:57:23 Eastern Standard Time,2022-01-14,22:57:23,-0400,1332487276471808000,theblakecheck,Blake Check üá∫üá¶,,Plot twist: Cybertruck delays accelerate the world's transition to sustainable energy by motivating legacy auto to build more electric trucks faster to beat @Tesla to market.,en,"[{'screen_name': 'tesla', 'name': 'tesla', 'id': '13298072'}]",[],[],15,13,220,[],[],https://twitter.com/TheBlakeCheck/status/1482200213993373696,False,,0,,,,,,,,[],,,,
1481904535085928452,1481904535085928452,2022-01-14 03:22:28 Eastern Standard Time,2022-01-14,03:22:28,-0400,275686563,verge,The Verge,,"Tesla delays Cybertruck to early 2023, says report  https://t.co/lrSGQaEK8s  https://t.co/ZXyIjVBQf5",en,[],['https://www.theverge.com/2022/1/13/22881646/tesla-cybertruck-production-date-2022-removed-website'],['https://pbs.twimg.com/media/FJDISkdXMAUbZDw.jpg'],28,36,336,[],[],https://twitter.com/verge/status/1481904535085928452,False,,1,https://pbs.twimg.com/media/FJDISkdXMAUbZDw.jpg,,,,,,,[],,,,
1481865047852953600,1481865047852953600,2022-01-14 00:45:33 Eastern Standard Time,2022-01-14,00:45:33,-0400,988955288,investingcom,Investing.com,,*TESLA DELAYS INITIAL PRODUCTION OF CYBERTRUCK TO EARLY 2023 - SOURCE  $TSLA  https://t.co/UEaBlCAStq,en,[],[],['https://pbs.twimg.com/tweet_video_thumb/FJCkZr3XEAEY2BE.jpg'],13,20,182,[],['tsla'],https://twitter.com/Investingcom/status/1481865047852953600,False,,1,https://pbs.twimg.com/tweet_video_thumb/FJCkZr3XEAEY2BE.jpg,,,,,,,[],,,,
1481850761856303110,1481850761856303110,2022-01-13 23:48:47 Eastern Standard Time,2022-01-13,23:48:47,-0400,1652541,reuters,Reuters,,"EXCLUSIVE: Tesla aims to start initial production of its Cybertruck by the end of the first quarter of 2023, pushing back its plan to begin production late this year. The delay comes as Tesla is changing features and functions as competition heats up  https://t.co/eS5ZuavPAE  https://t.co/EfTj36erF4",en,[],['https://reut.rs/3KdCn28'],['https://pbs.twimg.com/media/FJCXamLWUAI8QGO.jpg'],33,39,131,[],[],https://twitter.com/Reuters/status/1481850761856303110,False,,1,https://pbs.twimg.com/media/FJCXamLWUAI8QGO.jpg,,,,,,,[],,,,
1481773765784702979,1481773765784702979,2022-01-13 18:42:50 Eastern Standard Time,2022-01-13,18:42:50,-0400,262230241,nod008,NOD,,TESLA DELAYS INITIAL PRODUCTION OF CYBERTRUCK TO EARLY 2023 -SOURCE  https://t.co/WCrhFcFC0y,en,[],[],['https://pbs.twimg.com/tweet_video_thumb/FJBRYC7XwAEr5hb.jpg'],23,36,191,[],[],https://twitter.com/NOD008/status/1481773765784702979,False,,1,https://pbs.twimg.com/tweet_video_thumb/FJBRYC7XwAEr5hb.jpg,,,,,,,[],,,,
1481662299085619202,1481662299085619202,2022-01-13 11:19:54 Eastern Standard Time,2022-01-13,11:19:54,-0400,294548572,iamtomnash,Tom Nash,,Seeking alpha headline: Tesla delays cybertruck to 2023! - only problem is that Elon was saying 2023 for cybertruck for months now‚Ä¶ pathetic,en,[],[],[],20,7,339,[],[],https://twitter.com/iamtomnash/status/1481662299085619202,False,,0,,,,,,,,[],,,,
1481592388648943618,1481328540646019074,2022-01-13 06:42:06 Eastern Standard Time,2022-01-13,06:42:06,-0400,105207637,thepolllady,The Poll Lady,,@BefittingFacts @Cokedupoptions @elonmusk @PPathole @Tesla Elon Musk blaming the Indian government over delay in Tesla entering Indian market is a big joke.   Elon just wants to reduce the import duties on teslas from China and government wants him to manufacture in India.,en,[],[],[],12,146,1458,[],[],https://twitter.com/ThePollLady/status/1481592388648943618,False,,0,,,,,,,,"[{'screen_name': 'BefittingFacts', 'name': 'Facts', 'id': '1289235667516456962'}, {'screen_name': 'Cokedupoptions', 'name': 'John W. Rich (Fake Tech Exec)', 'id': '1289342590299512832'}, {'screen_name': 'elonmusk', 'name': 'Elon Musk', 'id': '44196397'}, {'screen_name': 'PPathole', 'name': 'Pranay Pathole', 'id': '1291945442'}, {'screen_name': 'Tesla', 'name': 'Tesla', 'id': '13298072'}]",,,,
1477681582722932740,1477681582722932740,2022-01-02 11:41:57 Eastern Standard Time,2022-01-02,11:41:57,-0400,1045479441768566784,energyvest,energyvest üá∫üá¶ü¶ä,,"Tesla delivered *+87% deliveries growth* during 2021, despite the chip shortages, supply chain problems, delays to Berlin production start, and so on. Just incredible execution. Massive kudos to the @tesla team and @elonmusk.",en,"[{'screen_name': 'tesla', 'name': 'tesla', 'id': '13298072'}, {'screen_name': 'elonmusk', 'name': 'elon musk', 'id': '44196397'}]",[],[],0,5,97,[],[],https://twitter.com/energyvest/status/1477681582722932740,False,,0,,,,,,,,[],,,,
1472914850133291014,1472914850133291014,2021-12-20 08:00:40 Eastern Standard Time,2021-12-20,08:00:40,-0400,22088025,slye,Andy Slye,,With the seemingly demise of the Tesla tax credit here‚Äôs my plan  Delay/cancel my current Model Y (est March delivery)  Wait for 4680 Model Y or Roadster  Since I‚Äôm taking 5 months of parental leave I‚Äôll be driving significantly less in 2022 so our current cars should last to ‚Äò23,en,[],[],[],31,2,155,[],[],https://twitter.com/slye/status/1472914850133291014,False,,0,,,,,,,,[],,,,
1472187354752425989,1472176869617373184,2021-12-18 07:49:51 Eastern Standard Time,2021-12-18,07:49:51,-0400,718747351792398336,alex_avoigt,Alex,,"While many are quick to blame Germany, the reality is that some (not all) of the delays were also caused by Tesla.  Please note that Giga Berlin, with a 2-year approval process, is about 2 times faster than a similar-sized project",en,[],[],[],26,5,168,[],[],https://twitter.com/alex_avoigt/status/1472187354752425989,False,,0,,,,,,,,[],,,,
1472178237040168964,1472176869617373184,2021-12-18 07:13:38 Eastern Standard Time,2021-12-18,07:13:38,-0400,718747351792398336,alex_avoigt,Alex,,It looks like the delay this time is due to Tesla not being able to submit the required expert opinion quickly enough.  The Ministry of the Environment wants to make the permit watertight to avoid objections in court being successful and causing a production stop.,en,[],[],[],3,6,124,[],[],https://twitter.com/alex_avoigt/status/1472178237040168964,False,,0,,,,,,,,[],,,,
1470616629939736578,1470616628698222596,2021-12-13 23:48:21 Eastern Standard Time,2021-12-13,23:48:21,-0400,243013409,sawyermerritt,Sawyer Merritt üìàüöÄ,,Tesla making people take delivery who have been holding their orders/deliveries for 6+ months is absolutely fair. You're fortunate Tesla even allowed you to delay 10+ months.,en,[],[],[],8,3,127,[],[],https://twitter.com/SawyerMerritt/status/1470616629939736578,False,,0,,,,,,,,[],,,,
1467252280621678599,1467204113620512771,2021-12-04 16:59:38 Eastern Standard Time,2021-12-04,16:59:38,-0400,52974050,morenochris,"Chris Moreno (üèò,üèó,‚õ≥Ô∏è,üèù)",,"@mkobach Construction Tech. Generally been too costly and hard to displace incumbents due to trust and insurance for procurement teams.   With the logistics issues, delays and cost increases, this space will benefit from the ‚Äútesla‚Äù effect.",en,[],[],[],5,5,104,[],[],https://twitter.com/morenochris/status/1467252280621678599,False,,0,,,,,,,,"[{'screen_name': 'mkobach', 'name': 'Matthew Kobach', 'id': '2188509068'}]",,,,
1464328786892050435,1464327941832122368,2021-11-26 15:22:43 Eastern Standard Time,2021-11-26,15:22:43,-0400,1263491240336769026,wholemarsblog,Whole Mars Catalog,,I think that Tesla‚Äôs enemies read the contract closely and realized they could exploit it to delay 4680  so Tesla said fuck it. we‚Äôll do it live,en,[],[],[],14,4,190,[],[],https://twitter.com/WholeMarsBlog/status/1464328786892050435,False,,0,,,,,,,,[],,,,
1464309042642227203,1464309042642227203,2021-11-26 14:04:15 Eastern Standard Time,2021-11-26,14:04:15,-0400,1263491240336769026,wholemarsblog,Whole Mars Catalog,,"While Germany attempts to delay the electric vehicle transition by getting rid of Diess and delaying Tesla, China is building like crazy.   The decisions made today will shape who owns the future. @elonmusk",en,"[{'screen_name': 'elonmusk', 'name': 'elon musk', 'id': '44196397'}]",[],[],21,26,391,[],[],https://twitter.com/WholeMarsBlog/status/1464309042642227203,False,,0,,,,,,,,[],,,,
1464243199120138258,1464243199120138258,2021-11-26 09:42:37 Eastern Standard Time,2021-11-26,09:42:37,-0400,19464063,joemillerjr,Joe Miller,,"‚ÄºÔ∏è Delays to Tesla's Brandenburg plant cost it ‚Ç¨1.1bn+.   Company forced to forgo EU funding due to clause mandating batteries be made at subsidised site first, and the construction/approval is taking too long.  Monster scoop from @Petercampbell1.    https://t.co/40yXmCgpys  https://t.co/fCskVGzVuU",en,"[{'screen_name': 'petercampbell1', 'name': 'peter campbell', 'id': '20020005'}]",['https://www.ft.com/content/98f9a39c-de78-4cbf-b98b-0955db98c7dd'],['https://pbs.twimg.com/media/FFIJXkyXMAsLm9k.png'],14,27,150,[],[],https://twitter.com/JoeMillerJr/status/1464243199120138258,False,,1,https://pbs.twimg.com/media/FFIJXkyXMAsLm9k.png,,,,,,,[],,,,
1464242675184451593,1464242675184451593,2021-11-26 09:40:32 Eastern Standard Time,2021-11-26,09:40:32,-0400,20020005,petercampbell1,Peter Campbell,,What is REALLY behind Tesla's decision to turn down ‚Ç¨1.1bn from EU for its Berlin battery plant?  Turns out project delays mean it would have breached a key condition of the funding.  Full details in story w/@JoeMillerJr here:  https://t.co/TvKYFTuL6Z  https://t.co/C28ZdvThWi,en,"[{'screen_name': 'joemillerjr', 'name': 'joe miller', 'id': '19464063'}]",['https://www.ft.com/content/98f9a39c-de78-4cbf-b98b-0955db98c7dd'],['https://pbs.twimg.com/media/FFIHpxBWQAYA53h.jpg'],16,32,159,[],[],https://twitter.com/Petercampbell1/status/1464242675184451593,False,,1,https://pbs.twimg.com/media/FFIHpxBWQAYA53h.jpg,,,,,,,[],,,,
1464185583106994177,1464182348824690690,2021-11-26 05:53:40 Eastern Standard Time,2021-11-26,05:53:40,-0400,1176433616831832065,truth_tesla,Tesla Facts,,"@Gf4Tesla @Tesla My guess is that @elonmusk de-risked regulatory dependencies that could delay production, if the German battery production subsidies came with weird strings attached...",en,"[{'screen_name': 'elonmusk', 'name': 'elon musk', 'id': '44196397'}]",[],[],6,4,162,[],[],https://twitter.com/truth_tesla/status/1464185583106994177,False,,0,,,,,,,,"[{'screen_name': 'Gf4Tesla', 'name': 'Gigafactory Berlin-Brandenburg üá™üá∫üá©üá™', 'id': '1195032280915480577'}, {'screen_name': 'Tesla', 'name': 'Tesla', 'id': '13298072'}]",,,,
1459017490193797121,1459017490193797121,2021-11-11 23:37:31 Eastern Standard Time,2021-11-11,23:37:31,-0400,1263491240336769026,wholemarsblog,Whole Mars Catalog,,"After years of disappointment and delays, automated driving software has quietly taken to the streets around the world.   Waymo has operated a service in Chandler, Arizona for many months now.   Cruise just did the first ever driverless ride in SF.   Tesla has 16k FSD Beta users",en,[],[],[],6,9,118,[],[],https://twitter.com/WholeMarsBlog/status/1459017490193797121,False,,0,,,,,,,,[],,,,
1457771911815958537,1457771911815958537,2021-11-08 13:08:02 Eastern Standard Time,2021-11-08,13:08:02,-0400,1382434447358885888,live_munro,Munro Live,,"PepsiCo says its first Tesla Semi trucks are coming this year, despite Elon Musk warning of delays  https://t.co/pCpVGKl013 via @businessinsider",en,"[{'screen_name': 'businessinsider', 'name': 'business insider', 'id': '20562637'}]",['https://www.businessinsider.com/tesla-semi-truck-pepsi-orders-arriving-this-year-2021-11?utmSource=twitter&utmContent=referral&utmTerm=topbar&referrer=twitter'],[],22,100,1071,[],[],https://twitter.com/live_munro/status/1457771911815958537,False,,0,,,,,,,,[],,,,
1457744715038838784,1457744715038838784,2021-11-08 11:19:58 Eastern Standard Time,2021-11-08,11:19:58,-0400,2148233600,electrekco,Electrek.co,,"Tesla to deliver electric semi trucks before end of the year, says PepsiCo CEO, despite delays  https://t.co/gjsehAHIfT by @fredericlambert",en,"[{'screen_name': 'fredericlambert', 'name': 'fred lambert', 'id': '38253449'}]",['https://electrek.co/2021/11/08/tesla-to-deliver-electric-semi-trucks-end-of-year-pepsico-ceo-despite-delays/'],[],11,46,336,[],[],https://twitter.com/ElectrekCo/status/1457744715038838784,False,,0,,,,,,,,[],,,,
1453378975330455561,1453378975330455561,2021-10-27 11:12:04 Eastern Daylight Time,2021-10-27,11:12:04,-0400,1396523472734543878,veveviral,VeVeViral‚≠ïÔ∏èü¶á,,"Fundamentals of the project have not changed, the team is still the same legendary team. The big catalysts are still coming. There‚Äôs been delays, big whoop!  @Tesla @ethereum @ecomi_ $OMI",en,"[{'screen_name': 'tesla', 'name': 'tesla', 'id': '13298072'}, {'screen_name': 'ethereum', 'name': 'ethereum', 'id': '2312333412'}, {'screen_name': 'ecomi_', 'name': 'ecomi ‚≠ïÔ∏è', 'id': '978697175151595520'}]",[],[],13,9,110,[],['omi'],https://twitter.com/VeVeViral/status/1453378975330455561,False,,0,,,,,,,,[],,,,
1452348568564637705,1452348568564637705,2021-10-24 14:57:36 Eastern Daylight Time,2021-10-24,14:57:36,-0400,435266378,tslafanmtl,James Cat,,"Btw...Tesla told me that they can delay delivery up to 3 months after the first delivery attempt, before losing the deposit. So if your car is only available in, say 2 months, you can order now and take delivery within 2-5 months.  I'll be ordering my Y Perf in ~Feb-22.  $TSLA",en,[],[],[],9,5,136,[],['tsla'],https://twitter.com/TSLAFanMtl/status/1452348568564637705,False,,0,,,,,,,,[],,,,
1451118624618520577,1451118220342145026,2021-10-21 05:30:15 Eastern Daylight Time,2021-10-21,05:30:15,-0400,718747351792398336,alex_avoigt,Alex,,"State Office for the Environment decided for reasons of legal certainty. Accordingly, the new procedure should take place in the period from November 2 to 22th  Obviously, that will cause huge delays for Tesla again",en,[],[],[],5,4,143,[],[],https://twitter.com/alex_avoigt/status/1451118624618520577,False,,0,,,,,,,,[],,,,
1450525630546825224,1450525630546825224,2021-10-19 14:13:54 Eastern Daylight Time,2021-10-19,14:13:54,-0400,1280409623107973121,multibagger777,Multibagger,,My logistics friend says @Tesla pays up to ~50% more than other OEMs to move cars in EU; the premium is paid because @Tesla tolerates no delays.,en,"[{'screen_name': 'tesla', 'name': 'tesla', 'id': '13298072'}, {'screen_name': 'tesla', 'name': 'tesla', 'id': '13298072'}]",[],[],22,38,494,[],[],https://twitter.com/multibagger777/status/1450525630546825224,False,,0,,,,,,,,[],,,,
1448872093429366788,1448872093429366788,2021-10-15 00:43:20 Eastern Daylight Time,2021-10-15,00:43:20,-0400,1263491240336769026,wholemarsblog,Whole Mars Catalog,,I wonder how Tesla‚Äôs live camera view works.   WebRTC? Or are they just proxying an RMTP feed through their servers or something? Or just uploading the clips to AWS and downloading them with minimal possible delay? (HLS / mpeg dash type shit) @elonmusk,en,"[{'screen_name': 'elonmusk', 'name': 'elon musk', 'id': '44196397'}]",[],[],19,2,78,[],[],https://twitter.com/WholeMarsBlog/status/1448872093429366788,False,,0,,,,,,,,[],,,,
1447537217472188421,1447537217472188421,2021-10-11 08:19:01 Eastern Daylight Time,2021-10-11,08:19:01,-0400,964889226,filasophical,Salif Cybertruck or Bust ‚ö°Ô∏èüîãüöÄ,,Pushed #TheButton‚úÖ Got into #FSDBeta queue‚úÖ Got my driving scrutinized for 2 wks‚úÖ Achieved 100 on #SafetyScore‚úÖ Safety delays‚úÖ Emotional rollercoaster‚úÖ Chatted w/friends on CH for 13+hrs‚úÖ Got üëΩ tech‚úÖ Experienced the future‚úÖ  ü§Øü§Øü§Ø‚úÖ @elonmusk @Tesla üôèüèΩ @WholeMarsBlog  https://t.co/3xtZ220QVQ,en,"[{'screen_name': 'elonmusk', 'name': 'elon musk', 'id': '44196397'}, {'screen_name': 'tesla', 'name': 'tesla', 'id': '13298072'}, {'screen_name': 'wholemarsblog', 'name': 'whole mars catalog', 'id': '1263491240336769026'}]",[],"['https://pbs.twimg.com/media/FBavbTIWEAUDOQ-.jpg', 'https://pbs.twimg.com/media/FBavbTEXoAM2luv.jpg', 'https://pbs.twimg.com/media/FBavbTHWYAYwf6K.jpg', 'https://pbs.twimg.com/media/FBavbTHWYAMq5rH.jpg']",3,8,73,"['thebutton', 'fsdbeta', 'safetyscore']",[],https://twitter.com/Filasophical/status/1447537217472188421,False,,1,https://pbs.twimg.com/media/FBavbTIWEAUDOQ-.jpg,,,,,,,[],,,,
1447139257664090116,1447139257664090116,2021-10-10 05:57:40 Eastern Daylight Time,2021-10-10,05:57:40,-0400,998140573008695296,28delayslater,üá∫üá¶ ü¶ä Earl of FrunkPuppy üá∫üá¶,,Seems like the mainstream media is focused on either ignoring Tesla‚Äôs Berlin event or covering delays / environmental concerns and the party  Meanwhile Tesla had an incredible amount of information on display about the factory‚Äôs advanced production.  Info is all over Twitter.,en,[],[],[],21,19,399,[],[],https://twitter.com/28delayslater/status/1447139257664090116,False,,0,,,,,,,,[],,,,
1446958426551169031,1446958426551169031,2021-10-09 17:59:06 Eastern Daylight Time,2021-10-09,17:59:06,-0400,13049362,complex,Complex,,"Elon Musk addressed the delay of Tesla's ""Full Self-Driving"" software üöó  Details:  https://t.co/TVGuOCSd31  https://t.co/yJftn7UFSl",en,[],['http://bit.ly/3Ds3By4'],"['https://pbs.twimg.com/media/FBSgDfUWYAEn8uD.jpg', 'https://pbs.twimg.com/media/FBSg-fnXIAYgigv.jpg']",11,17,199,[],[],https://twitter.com/Complex/status/1446958426551169031,False,,1,https://pbs.twimg.com/media/FBSgDfUWYAEn8uD.jpg,,,,,,,[],,,,
1446266379804499975,1446266379804499975,2021-10-07 20:09:09 Eastern Daylight Time,2021-10-07,20:09:09,-0400,970072467107667969,expandingmatter,Expanding Matter,,"BREAKING: Tesla announces more delays for Cybertruck, Roadster, and Semi. Cybertruck volume production in 2023 and rest ""hopefully"" in 2023. Elon says it was due to supply shortages, yet Tesla sheep say they're immune?  More vaporware promises delayed.  $TSLA $F $GM $LCID $TSLAQ  https://t.co/Yda71dIdvX",en,[],[],['https://pbs.twimg.com/media/FBIqJ6lWQAMfQab.jpg'],9,11,90,[],"['tsla', 'f', 'gm', 'lcid', 'tslaq']",https://twitter.com/expandingmatter/status/1446266379804499975,False,,1,https://pbs.twimg.com/media/FBIqJ6lWQAMfQab.jpg,,,,,,,[],,,,
1442542592512561157,1442542592512561157,2021-09-27 13:32:09 Eastern Daylight Time,2021-09-27,13:32:09,-0400,2694154514,jefftutorials,Jeff üíô‚úåÔ∏è,,Let me be very clear:  Tesla should absolutely not cave into any pressure from US regulators to delay the launch of FSD Public BETA.  The same government officials calling for the delay are the same ones being paid off by big oil and legacy auto to buy themselves time.,en,[],[],[],21,61,679,[],[],https://twitter.com/JeffTutorials/status/1442542592512561157,False,,0,,,,,,,,[],,,,
1440382211530772485,1440382211530772485,2021-09-21 14:27:34 Eastern Daylight Time,2021-09-21,14:27:34,-0400,1263491240336769026,wholemarsblog,Whole Mars Catalog,,‚ÄúWhy is Tesla deploying partial autonomy now? Because when used correctly it is already significantly safer than a person driving by themselves. It would be morally reprehensible to delay release simply for fear of bad press or some mercantile calculation of legal liability‚Äù  https://t.co/rJilBCT2Ub,en,[],[],['https://pbs.twimg.com/media/E_1D_DbUUAADu9V.jpg'],11,26,165,[],[],https://twitter.com/WholeMarsBlog/status/1440382211530772485,False,,1,https://pbs.twimg.com/media/E_1D_DbUUAADu9V.jpg,,,,,,,[],,,,
1437847327952326668,1437847327952326668,2021-09-14 14:34:51 Eastern Daylight Time,2021-09-14,14:34:51,-0400,57629490,hackingdave,Dave Kennedy,,"I've been going back and forth on my Tesla renewal (my lease is over).   I ordered the Model X but due to all the delays, I decided to go a different route.   Just picked up a dodge ram 1500 TRX.  I guess I'm a truck owner now.  https://t.co/tuyamRciV2",en,[],[],"['https://pbs.twimg.com/media/E_RBycYWYAIxJf2.jpg', 'https://pbs.twimg.com/media/E_RBzZfWYAMlVqG.jpg']",118,6,472,[],[],https://twitter.com/HackingDave/status/1437847327952326668,False,,1,https://pbs.twimg.com/media/E_RBycYWYAIxJf2.jpg,,,,,,,[],,,,
1434327003348492296,1434327003348492296,2021-09-04 21:26:20 Eastern Daylight Time,2021-09-04,21:26:20,-0400,227755413,leadlagreport,"Michael A. Gayed, CFA",,BREAKING: TESLA FURTHER DELAYS CYBERTRUCK TIMELINE TO LATE 2022.  RELATED: NO ONE GIVES A SHIT.  Few.,en,[],[],[],65,61,1053,[],[],https://twitter.com/leadlagreport/status/1434327003348492296,False,,0,,,,,,,,[],,,,
1434084428888870914,1434084428888870914,2021-09-04 05:22:26 Eastern Daylight Time,2021-09-04,05:22:26,-0400,1432669475648778241,meddiesm,Meddie Ssegujja,,"Hey @Tesla are the people who ordered the CyberTruck going to be compensated for this Delay? Frankly, I am tired of driving these mediocre cars! I was getting geared up for the truck üõª  https://t.co/WY55MnKQsH",en,"[{'screen_name': 'tesla', 'name': 'tesla', 'id': '13298072'}]",[],['https://pbs.twimg.com/media/E-bkLaQWEAMqbG4.jpg'],58,52,135,[],[],https://twitter.com/Meddiesm/status/1434084428888870914,False,,1,https://pbs.twimg.com/media/E-bkLaQWEAMqbG4.jpg,,,,,,,[],,,,
1433788676744663069,1433788676744663069,2021-09-03 09:47:13 Eastern Daylight Time,2021-09-03,09:47:13,-0400,18856867,zerohedge,zerohedge,,"Tesla Delays Cybertruck To ""Late 2022""  https://t.co/LDaxjWUq6s",en,[],['https://www.zerohedge.com/markets/tesla-delays-cybertruck-late-2022'],[],58,20,152,[],[],https://twitter.com/zerohedge/status/1433788676744663069,False,,0,,,,,,,,[],,,,
1433735895279153174,1433735895279153174,2021-09-03 06:17:29 Eastern Daylight Time,2021-09-03,06:17:29,-0400,988955288,investingcom,Investing.com,,*TESLA DELAYS CYBERTRUCK TO LATE 2022: ELECTREK  $TSLA,en,[],[],[],12,31,171,[],['tsla'],https://twitter.com/Investingcom/status/1433735895279153174,False,,0,,,,,,,,[],,,,
1433713315000299527,1433713315000299527,2021-09-03 04:47:46 Eastern Daylight Time,2021-09-03,04:47:46,-0400,2148233600,electrekco,Electrek.co,,Tesla delays Cybertruck to late 2022; Elon Musk says it will be a ‚Äòglitch in the Matrix‚Äô  https://t.co/SuSGCD81Al by @fredericlambert,en,"[{'screen_name': 'fredericlambert', 'name': 'fred lambert', 'id': '38253449'}]",['https://electrek.co/2021/09/02/tesla-delays-cybertruck-late-2022/'],[],10,26,137,[],[],https://twitter.com/ElectrekCo/status/1433713315000299527,False,,0,,,,,,,,[],,,,
1433189416806141952,1433189416806141952,2021-09-01 18:05:58 Eastern Daylight Time,2021-09-01,18:05:58,-0400,25383000,motortrend,motortrend,,"As he's done many times, @elonmusk takes to Twitter to casually announce another major product delay. The @Tesla #Roadster won't launch until 2023 at least. https://t.co/FZtqAeMREB",en,"[{'screen_name': 'elonmusk', 'name': 'elon musk', 'id': '44196397'}, {'screen_name': 'tesla', 'name': 'tesla', 'id': '13298072'}]",['https://www.motortrend.com/news/tesla-roadster-delayed-again-2023-elon-musk-twitter/'],[],24,14,93,['roadster'],[],https://twitter.com/MotorTrend/status/1433189416806141952,False,,0,,,,,,,,[],,,,
1433118884224176131,1433118884224176131,2021-09-01 13:25:42 Eastern Daylight Time,2021-09-01,13:25:42,-0400,435266378,tslafanmtl,James Cat,,"I rly don't care about Roadster..at most, they would prob sell 10-15k/yr. It is imperative that Tesla doesn't further delay Cybertruk and Semi.  $TSLA",en,[],[],[],17,1,149,[],['tsla'],https://twitter.com/TSLAFanMtl/status/1433118884224176131,False,https://twitter.com/elonmusk/status/1433115031940440065,0,,,,,,,,[],,,,
